"Average greedy latency,",action_fraction/local,action_fraction/mec,action_fraction/v2v,policy/policy_loss_mean,policy/value_loss_mean,policy/approx_kl,policy/clip_fraction,policy/grad_norm,collapse/flag,mask/active_rate,mask/forced_rate,mask/all_invalid_rate,policy/invalid_action_rate,policy/argmax_masked_rate,policy/entropy_valid,critic/value_abs_max,inner_update_mode,PolicyExecTime,EnvExecTime,AverageDiscountedReturn,AverageReturn,NumTrajs,StdReturn,MaxReturn,MinReturn,"Average energy,",energy/average_energy_scope,energy/requester_joules,energy/mobile_joules,energy/system_joules,energy/primary_joules,energy/primary_scope,Itr,"Average reward, ","Average latency,",split_role,seed,split_version,support_graphs_per_meta_task,support_trajectories_per_meta_task,query_graph_count,k_steps,outer_update_count,entropy_coefficient,value_clip_epsilon,ppo_batch_size_trajectories,meta_batch_size_distributions,inner_learning_rate,outer_learning_rate,outer_update_method,hyperparameter_provenance.policy,validation_query_composite_objective_k0,validation_query_composite_objective,validation_query_mean_latency_k0,validation_query_mean_latency_k3,checkpoint_selection_metric,objective/J,objective/latency_norm_mean,objective/soft_tardiness_norm_mean,objective/energy_violation_rate,objective/c_E_max,objective/c_E_raw_max,objective/c_H,objective/c_F,objective/hard_miss_total,objective/hard_task_total,objective/firm_miss_total,objective/firm_task_total,objective/feasible,objective/total_violation,objective/n_graphs,checkpoint_is_best_val,validation/validation_gap_to_all_mec,validation/validation_gap_to_greedy,validation/validation_all_mec_latency,validation/validation_greedy_latency,validation/task_fraction/local,validation/task_fraction/mec,validation/task_fraction/v2v,validation/co_location_rate,validation/cross_location_edges,validation/total_edges,validation/utilization_mean,validation/utilization_max
623.5231310930933,0.326375,0.31984,0.353785,-0.020807921886444092,0.03533250465989113,0.04440139252692461,0.4690833359956742,0.6833072607715925,0.0,0.0,0.0,0.0,0.0,0.0,1.0961478823802395,0.31908559799194336,publication,35.130046367645264,51.52856206893921,0.5014559837699536,0.5383567837621634,10000,0.18190734021281063,1.0183547014558139,-0.6142831744838113,11905.529968834802,mobile,2061.048481492308,11905.529968834775,157386.89817446176,157386.89817446176,system,0,0.5383567837621634,948.8351500598252,meta_train_support,0,MARGO-SPLIT-v1,20,20,80,3,1,0.0,0.2,20,10,0.0005,0.0005,mrlco_first_order_mean_pseudogradient,fixed_literature_derived_defaults,0.5324793731253481,0.6053546877956557,982.8067559386349,893.309766802979,validation_query_composite_objective,0.6410331632683633,0.6410331632683633,0.0,0.0,0.0,-0.9999996186107563,0.0,0.0,0.0,0.0,0.0,0.0,1.0,0.0,400.0,1,263.0299862710617,266.708097784472,630.2797805319173,626.601669018507,0.42025,0.42487499999999984,0.15487500000000007,0.39459184386914425,18.185,29.9675,0.393397994836244,0.8401124899003364
617.191951992389,0.39308,0.379555,0.227365,-0.025782819837331772,0.04041867330670357,0.033839722412327924,0.3959166675806046,0.7055494621396065,0.0,0.0,0.0,0.0,0.0,0.0,1.0699714076564673,0.20711633563041687,publication,35.35682654380798,49.15209150314331,0.5401593389564486,0.5852672386590865,10000,0.14082759083460772,0.9907841215967879,-0.5849856695409525,9133.068317527153,mobile,2274.815574411756,9133.068317527155,155992.32744990112,155992.32744990112,system,1,0.5852672386590865,910.1180257810142,meta_train_support,0,MARGO-SPLIT-v1,20,20,80,3,2,0.0,0.2,20,10,0.0005,0.0005,mrlco_first_order_mean_pseudogradient,fixed_literature_derived_defaults,,,,,,,,,,,,,,,,,,,,,,,,,,,,,,,,,
585.2707312858854,0.43742,0.42029,0.14229,0.08150429278612137,0.05973448604345322,0.03263178560882807,0.4207500005761783,0.8121984029809635,0.0,0.0,0.0,0.0,0.0,0.0,0.9979617205688133,0.22815079987049103,publication,35.49271082878113,49.478981494903564,0.5513606091206917,0.6005187616852883,10000,0.13730473714951288,0.9929983132553131,-0.4367121020582361,8198.245337555056,mobile,2210.9667349063975,8198.245337555081,162404.10153638473,162404.10153638473,system,2,0.6005187616852883,899.740851647922,meta_train_support,0,MARGO-SPLIT-v1,20,20,80,3,3,0.0,0.2,20,10,0.0005,0.0005,mrlco_first_order_mean_pseudogradient,fixed_literature_derived_defaults,,,,,,,,,,,,,,,,,,,,,,,,,,,,,,,,,
605.7362087066786,0.45169,0.445815,0.102495,0.05594215914607048,0.046426065266132355,0.03811692452679079,0.47183333213130635,0.7441319157679877,0.0,0.0,0.0,0.0,0.0,0.0,0.9391524558351383,0.319815993309021,publication,35.44543981552124,48.25889253616333,0.5740901253937817,0.6250317563354272,10000,0.13134828987444125,1.038359060661163,-0.19493379385051646,7433.796568860094,mobile,2171.615944618551,7433.796568860111,165071.51005617867,165071.51005617867,system,3,0.6250317563354272,857.2569700669247,meta_train_support,0,MARGO-SPLIT-v1,20,20,80,3,4,0.0,0.2,20,10,0.0005,0.0005,mrlco_first_order_mean_pseudogradient,fixed_literature_derived_defaults,,,,,,,,,,,,,,,,,,,,,,,,,,,,,,,,,
605.3485033679281,0.447645,0.46098,0.091375,0.060992322862148285,0.05082298815250397,0.026499076994756853,0.3687499950329463,0.568737810353438,0.0,0.0,0.0,0.0,0.0,0.0,0.9192518364773723,0.33916568756103516,publication,35.41406178474426,48.55973148345947,0.5919136361842698,0.6435340236100981,10000,0.12235038845443069,1.0075552527000613,-0.2836423583853269,6949.178935038402,mobile,2130.712437997792,6949.178935038395,176190.05571039376,176190.05571039376,system,4,0.6435340236100981,832.8442332486807,meta_train_support,0,MARGO-SPLIT-v1,20,20,80,3,5,0.0,0.2,20,10,0.0005,0.0005,mrlco_first_order_mean_pseudogradient,fixed_literature_derived_defaults,,,,,,,,,,,,,,,,,,,,,,,,,,,,,,,,,
600.1799012578556,0.431975,0.478505,0.08952,0.052061777561903,0.07174459099769592,0.02185771204531193,0.3352499964336554,0.60775714914004,0.0,0.0,0.0,0.0,0.0,0.0,0.9159842326308429,0.305850088596344,publication,35.02772498130798,49.43796753883362,0.594148221181296,0.6478723413979192,10000,0.12874697385929007,1.0644161965683658,-0.2416583669940222,7116.176907169038,mobile,2094.7023294772425,7116.176907169026,185270.16289108762,185270.16289108762,system,5,0.6478723413979192,850.7622218951116,meta_train_support,0,MARGO-SPLIT-v1,20,20,80,3,6,0.0,0.2,20,10,0.0005,0.0005,mrlco_first_order_mean_pseudogradient,fixed_literature_derived_defaults,,,,,,,,,,,,,,,,,,,,,,,,,,,,,,,,,
615.2842793975285,0.406445,0.49327,0.100285,-0.042883217334747314,0.05698954313993454,0.017724789089212812,0.2990833327174187,0.48980199346939723,0.0,0.0,0.0,0.0,0.0,0.0,0.9289482772523325,0.2621297240257263,publication,35.34987998008728,49.4190948009491,0.6015249372718681,0.6525015745298217,10000,0.13330217089354907,1.0320432071329801,-0.2262743016174995,7742.708063588886,mobile,2120.415477724784,7742.708063588875,191700.17509978215,191700.17509978215,system,6,0.6525015745298217,840.9099840966388,meta_train_support,0,MARGO-SPLIT-v1,20,20,80,3,7,0.0,0.2,20,10,0.0005,0.0005,mrlco_first_order_mean_pseudogradient,fixed_literature_derived_defaults,,,,,,,,,,,,,,,,,,,,,,,,,,,,,,,,,
603.9421731752532,0.38615,0.50594,0.10791,-0.0008094785152934492,0.055831532925367355,0.01424867754879718,0.233749996079132,0.4528000483910244,0.0,0.0,0.0,0.0,0.0,0.0,0.9374788054660318,0.21412184834480286,publication,35.34621548652649,48.784696102142334,0.6081648599188595,0.6613832647298789,10000,0.13423938971812738,1.0393942447908555,-0.22741107768692048,6881.156891178804,mobile,2030.0065377889641,6881.156891178818,198588.9879476155,198588.9879476155,system,7,0.6613832647298789,826.046285761077,meta_train_support,0,MARGO-SPLIT-v1,20,20,80,3,8,0.0,0.2,20,10,0.0005,0.0005,mrlco_first_order_mean_pseudogradient,fixed_literature_derived_defaults,,,,,,,,,,,,,,,,,,,,,,,,,,,,,,,,,
600.3885777622087,0.36347,0.52252,0.11401,0.0015366136794909835,0.0526852086186409,0.01599377746072908,0.23141666551431017,0.4259441604216894,0.0,0.0,0.0,0.0,0.0,0.0,0.9372222631430054,0.2174387276172638,publication,35.37801384925842,49.74919033050537,0.5944360152731629,0.6466366879395662,10000,0.13928099369912322,1.06324885184787,-0.39812595090538516,6321.214457840231,mobile,1934.2236515706818,6321.214457840199,194327.03361049184,194327.03361049184,system,8,0.6466366879395662,806.1897541663496,meta_train_support,0,MARGO-SPLIT-v1,20,20,80,3,9,0.0,0.2,20,10,0.0005,0.0005,mrlco_first_order_mean_pseudogradient,fixed_literature_derived_defaults,,,,,,,,,,,,,,,,,,,,,,,,,,,,,,,,,
618.6568553879873,0.342855,0.53865,0.118495,0.024560153484344482,0.04944496974349022,0.01958554646310707,0.2663333348929882,0.4839439198374748,0.0,0.0,0.0,0.0,0.0,0.0,0.9335485089272937,0.22246263921260834,publication,34.65651273727417,49.55597805976868,0.619316610665759,0.6717865631354811,10000,0.1340239666055456,1.016642188018042,-0.14038752632479623,6423.098711837823,mobile,1977.4353634656768,6423.0987118378425,204417.45384830981,204417.45384830981,system,9,0.6717865631354811,800.0341186540317,meta_train_support,0,MARGO-SPLIT-v1,20,20,80,3,10,0.0,0.2,20,10,0.0005,0.0005,mrlco_first_order_mean_pseudogradient,fixed_literature_derived_defaults,,,,,,,,,,,,,,,,,,,,,,,,,,,,,,,,,
607.9600599910328,0.326155,0.560125,0.11372,0.022666672244668007,0.04257434234023094,0.021766444101619223,0.2551666656974703,0.4363018922507762,0.0,0.0,0.0,0.0,0.0,0.0,0.9123970151770479,0.26958969235420227,publication,35.41253614425659,48.495023250579834,0.6228378559236295,0.6768292067368288,10000,0.1226164940892703,1.082475614678844,0.004955618138691165,6283.084468294292,mobile,1898.3467336404417,6283.084468294277,205934.33224886045,205934.33224886045,system,10,0.6768292067368288,792.9034388163922,meta_train_support,0,MARGO-SPLIT-v1,20,20,80,3,11,0.0,0.2,20,10,0.0005,0.0005,mrlco_first_order_mean_pseudogradient,fixed_literature_derived_defaults,,,,,,,,,,,,,,,,,,,,,,,,,,,,,,,,,
636.6356672997747,0.31563,0.57805,0.10632,-0.013508899137377739,0.04266436770558357,0.010926744528114795,0.1282499995858719,0.2998483995596568,0.0,0.0,0.0,0.0,0.0,0.0,0.8916467339793006,0.4707150161266327,publication,34.328920125961304,49.95043873786926,0.6178019160404924,0.6694880900927724,10000,0.13783451920784762,0.9825373109688885,-0.2980218579027385,6005.471286126223,mobile,1975.8309441909134,6005.471286126243,205087.26171256395,205087.26171256395,system,11,0.6694880900927724,795.695342705882,meta_train_support,0,MARGO-SPLIT-v1,20,20,80,3,12,0.0,0.2,20,10,0.0005,0.0005,mrlco_first_order_mean_pseudogradient,fixed_literature_derived_defaults,,,,,,,,,,,,,,,,,,,,,,,,,,,,,,,,,
618.5834658982822,0.31185,0.59362,0.09453,-0.00817559938877821,0.046869296580553055,0.011898847312356034,0.17516666512625914,0.40446302145719526,0.0,0.0,0.0,0.0,0.0,0.0,0.8637115125231168,0.5926299095153809,publication,35.0426299571991,50.32185196876526,0.61079683275159,0.662257835218395,10000,0.14075039449929055,1.041889055595563,-0.386186717986849,6301.221496169483,mobile,1968.5302930759833,6301.2214961694945,199626.64324314962,199626.64324314962,system,12,0.662257835218395,799.5513301986299,meta_train_support,0,MARGO-SPLIT-v1,20,20,80,3,13,0.0,0.2,20,10,0.0005,0.0005,mrlco_first_order_mean_pseudogradient,fixed_literature_derived_defaults,,,,,,,,,,,,,,,,,,,,,,,,,,,,,,,,,
601.6598208622523,0.31464,0.600635,0.084725,-0.012269312515854836,0.05328290909528732,0.010729743400588632,0.1624999977958699,0.4888791044553121,0.0,0.0,0.0,0.0,0.0,0.0,0.8437296482281059,0.7293344736099243,publication,34.51145958900452,50.81590270996094,0.623938780249153,0.67990074194958,10000,0.13525025695494278,1.1361117722892744,-0.31489498626926093,5393.1256331575805,mobile,1827.9850594087802,5393.125633157567,204276.46782055357,204276.46782055357,system,13,0.67990074194958,772.4155278252192,meta_train_support,0,MARGO-SPLIT-v1,20,20,80,3,14,0.0,0.2,20,10,0.0005,0.0005,mrlco_first_order_mean_pseudogradient,fixed_literature_derived_defaults,,,,,,,,,,,,,,,,,,,,,,,,,,,,,,,,,
618.0801111005919,0.318635,0.60204,0.079325,-0.028653105720877647,0.046045660972595215,0.00965485816122964,0.14591666641645132,0.4383430019021034,0.0,0.0,0.0,0.0,0.0,0.0,0.8337371091876683,0.7051576972007751,publication,35.357277154922485,50.310479164123535,0.6097551413506593,0.6623638197146625,10000,0.13127987822579545,1.048199990781022,-0.35948356481670163,5095.592607803418,mobile,1919.7498254208065,5095.592607803424,208478.24472738613,208478.24472738613,system,14,0.6623638197146625,800.3671866067697,meta_train_support,0,MARGO-SPLIT-v1,20,20,80,3,15,0.0,0.2,20,10,0.0005,0.0005,mrlco_first_order_mean_pseudogradient,fixed_literature_derived_defaults,,,,,,,,,,,,,,,,,,,,,,,,,,,,,,,,,
604.2377499540057,0.322995,0.60137,0.075635,0.024530665948987007,0.04243398457765579,0.009306253488951673,0.13808333454653618,0.4406915128231049,0.0,0.0,0.0,0.0,0.0,0.0,0.8255003034309633,0.7164658308029175,publication,35.394461154937744,48.94916081428528,0.6303107482526775,0.6861281454969421,10000,0.12553618220773238,1.056490205352067,-0.2326264502292883,5311.853870480472,mobile,1913.4375219549067,5311.853870480445,200697.12952428166,200697.12952428166,system,15,0.6861281454969421,770.2271684896592,meta_train_support,0,MARGO-SPLIT-v1,20,20,80,3,16,0.0,0.2,20,10,0.0005,0.0005,mrlco_first_order_mean_pseudogradient,fixed_literature_derived_defaults,,,,,,,,,,,,,,,,,,,,,,,,,,,,,,,,,
590.6252554307529,0.33318,0.59723,0.06959,0.019102390855550766,0.04015493020415306,0.018502329724530378,0.2372499999900659,0.5006950318813324,0.0,0.0,0.0,0.0,0.0,0.0,0.8159565547674351,0.6449944972991943,publication,36.1858389377594,51.84411931037903,0.6284461498045685,0.6845274818942677,10000,0.12488275282587971,1.0521984139143759,-0.3553495106725102,5170.065805968765,mobile,1882.0454384042182,5170.065805968786,204988.02444692422,204988.02444692422,system,16,0.6845274818942677,785.2955732689829,meta_train_support,0,MARGO-SPLIT-v1,20,20,80,3,17,0.0,0.2,20,10,0.0005,0.0005,mrlco_first_order_mean_pseudogradient,fixed_literature_derived_defaults,,,,,,,,,,,,,,,,,,,,,,,,,,,,,,,,,
616.8687825999941,0.3387,0.58829,0.07301,-0.0017473077168688178,0.0319814532995224,0.014418270128468674,0.1938333344956239,0.37653439889351525,0.0,0.0,0.0,0.0,0.0,0.0,0.82770865840621,0.60440993309021,publication,35.26022553443909,51.22269535064697,0.6427835994904489,0.6984434446337117,10000,0.12778633661835473,1.0778816518533056,-0.025056403684605932,4740.6423429087345,mobile,2049.325351244236,4740.642342908744,212298.19813735018,212298.19813735018,system,17,0.6984434446337117,784.5554192454433,meta_train_support,0,MARGO-SPLIT-v1,20,20,80,3,18,0.0,0.2,20,10,0.0005,0.0005,mrlco_first_order_mean_pseudogradient,fixed_literature_derived_defaults,,,,,,,,,,,,,,,,,,,,,,,,,,,,,,,,,
614.8845741648538,0.354235,0.57653,0.069235,0.002485980512574315,0.03269629925489426,0.019221702590584755,0.23091666859885054,0.43840589076280595,0.0,0.0,0.0,0.0,0.0,0.0,0.8240574428893537,0.5076366066932678,publication,35.68259882926941,49.57274413108826,0.6470440438128797,0.7048058042743265,10000,0.12177398830559723,1.0338769720949506,-0.576060524897894,4963.752767703776,mobile,1961.3299369928793,4963.752767703775,206149.1361123192,206149.1361123192,system,18,0.7048058042743265,748.8386408984607,meta_train_support,0,MARGO-SPLIT-v1,20,20,80,3,19,0.0,0.2,20,10,0.0005,0.0005,mrlco_first_order_mean_pseudogradient,fixed_literature_derived_defaults,,,,,,,,,,,,,,,,,,,,,,,,,,,,,,,,,
612.1934151780673,0.366925,0.565405,0.06767,-0.04258428514003754,0.03317796438932419,0.01548249994715055,0.23849999954303108,0.40723824997742974,0.0,0.0,0.0,0.0,0.0,0.0,0.8234592216802953,0.4804569184780121,publication,35.06543040275574,47.951221227645874,0.6489043354151875,0.7066069878994871,10000,0.11178613610001434,1.0256929781848874,0.10030406214611853,5004.408693058732,mobile,2002.6707302251361,5004.408693058732,201152.79168866356,201152.79168866356,system,19,0.7066069878994871,751.1678814965018,meta_train_support,0,MARGO-SPLIT-v1,20,20,80,3,20,0.0,0.2,20,10,0.0005,0.0005,mrlco_first_order_mean_pseudogradient,fixed_literature_derived_defaults,,,,,,,,,,,,,,,,,,,,,,,,,,,,,,,,,
613.8712567111834,0.38948,0.548665,0.061855,0.0390305332839489,0.027459146454930305,0.019070828783636296,0.26008333526551725,0.4549107670783997,0.0,0.0,0.0,0.0,0.0,0.0,0.8145960463457175,0.5485863089561462,publication,34.42386341094971,49.369049310684204,0.6237860925291273,0.6791083033982325,10000,0.1332809432131845,1.0338138904947958,-0.33349099009923866,4997.318908672448,mobile,2058.2752937163996,4997.318908672438,191490.79739212408,191490.79739212408,system,20,0.6791083033982325,785.550532656667,meta_train_support,0,MARGO-SPLIT-v1,20,20,80,3,21,0.0,0.2,20,10,0.0005,0.0005,mrlco_first_order_mean_pseudogradient,fixed_literature_derived_defaults,,,,,,,,,,,,,,,,,,,,,,,,,,,,,,,,,
594.7118542181423,0.406215,0.533095,0.06069,0.026476891711354256,0.02754470333456993,0.02483953799431523,0.33633333357671896,0.5112742647528649,0.0,0.0,0.0,0.0,0.0,0.0,0.811324103037487,0.5935792922973633,publication,35.021430253982544,47.441298484802246,0.6381015545682381,0.6967774181651583,10000,0.10861644861109512,1.0264174887270543,-0.31567942538019755,4580.207147840209,mobile,2033.470042015919,4580.207147840215,206556.91562753532,206556.91562753532,system,21,0.6967774181651583,790.3533748115813,meta_train_support,0,MARGO-SPLIT-v1,20,20,80,3,22,0.0,0.2,20,10,0.0005,0.0005,mrlco_first_order_mean_pseudogradient,fixed_literature_derived_defaults,,,,,,,,,,,,,,,,,,,,,,,,,,,,,,,,,
606.2404059611729,0.41296,0.52545,0.06159,0.004252786748111248,0.025391070172190666,0.023765298491343855,0.2942499998956919,0.4567591095964113,0.0,0.0,0.0,0.0,0.0,0.0,0.8087798642319793,0.6545224189758301,publication,35.26129603385925,49.699846506118774,0.6414563568965889,0.7011306904200892,10000,0.10845626874153044,1.078101749522518,-0.2569857964278579,4560.503051057572,mobile,2118.20728097368,4560.503051057591,196156.50392363564,196156.50392363564,system,22,0.7011306904200892,781.9319471835504,meta_train_support,0,MARGO-SPLIT-v1,20,20,80,3,23,0.0,0.2,20,10,0.0005,0.0005,mrlco_first_order_mean_pseudogradient,fixed_literature_derived_defaults,,,,,,,,,,,,,,,,,,,,,,,,,,,,,,,,,
600.7430363286563,0.42837,0.514765,0.056865,0.02037041261792183,0.021365756168961525,0.018431385032211742,0.26150000219543773,0.4276495844125748,0.0,0.0,0.0,0.0,0.0,0.0,0.7883536557056399,0.7265869379043579,publication,34.32268953323364,49.83841061592102,0.6042824470808218,0.6602053818241009,10000,0.12243421689159448,1.0091611954782032,-0.27752408996699063,4216.417650527702,mobile,2081.1762724124023,4216.417650527729,178890.32031540156,178890.32031540156,system,23,0.6602053818241009,794.7667682087763,meta_train_support,0,MARGO-SPLIT-v1,20,20,80,3,24,0.0,0.2,20,10,0.0005,0.0005,mrlco_first_order_mean_pseudogradient,fixed_literature_derived_defaults,,,,,,,,,,,,,,,,,,,,,,,,,,,,,,,,,
630.4947095779964,0.433565,0.509495,0.05694,0.017695484682917595,0.022790061309933662,0.0215938422208031,0.2759166672204932,0.4329495559136073,0.0,0.0,0.0,0.0,0.0,0.0,0.7832237165380882,0.9013371467590332,publication,34.62114191055298,49.39068794250488,0.6254713454108003,0.6825955872256192,10000,0.1117384834091467,1.0347027909790405,-0.1974433528472841,4436.4298058851,mobile,2204.5109326332563,4436.4298058851,182894.6817926997,182894.6817926997,system,24,0.6825955872256192,792.4235059002684,meta_train_support,0,MARGO-SPLIT-v1,20,20,80,3,25,0.0,0.2,20,10,0.0005,0.0005,mrlco_first_order_mean_pseudogradient,fixed_literature_derived_defaults,,,,,,,,,,,,,,,,,,,,,,,,,,,,,,,,,
627.9743966818945,0.444445,0.50226,0.053295,-0.011089394800364971,0.024771593511104584,0.024470494283984102,0.32166666537523264,0.39295439099272095,0.0,0.0,0.0,0.0,0.0,0.0,0.7662969966340002,1.0993108749389648,publication,35.13273358345032,49.565680742263794,0.6332601105724722,0.691509511567953,10000,0.1233822719120491,1.0255886542498514,-0.4132587491883861,4370.915940803991,mobile,2128.984665277584,4370.915940804001,189033.95577099544,189033.95577099544,system,25,0.691509511567953,769.8556976716162,meta_train_support,0,MARGO-SPLIT-v1,20,20,80,3,26,0.0,0.2,20,10,0.0005,0.0005,mrlco_first_order_mean_pseudogradient,fixed_literature_derived_defaults,,,,,,,,,,,,,,,,,,,,,,,,,,,,,,,,,
611.791700007929,0.45208,0.49938,0.04854,-0.008990884758532047,0.028069360181689262,0.019564764698346455,0.2684999957680702,0.3742443079749743,0.0,0.0,0.0,0.0,0.0,0.0,0.7453334349961888,1.2522835731506348,publication,35.16041040420532,47.126872301101685,0.6204791086135699,0.6791261962026435,10000,0.10535749248809886,0.9783065250668698,0.11354258535612849,4154.209602658014,mobile,2154.4642597452134,4154.209602658022,186326.67021861955,186326.67021861955,system,26,0.6791261962026435,791.9351240797002,meta_train_support,0,MARGO-SPLIT-v1,20,20,80,3,27,0.0,0.2,20,10,0.0005,0.0005,mrlco_first_order_mean_pseudogradient,fixed_literature_derived_defaults,,,,,,,,,,,,,,,,,,,,,,,,,,,,,,,,,
600.3270218562943,0.451665,0.50363,0.044705,-0.021589182317256927,0.030611790716648102,0.015651672395567102,0.21808333328614635,0.3522423063715299,0.0,0.0,0.0,0.0,0.0,0.0,0.726281386909867,1.3821406364440918,publication,35.39503526687622,47.297582387924194,0.624895474487789,0.6838819025215144,10000,0.11726036689287825,1.0578624251987194,-0.34979396323199685,4199.436785952357,mobile,2133.2153636571034,4199.436785952343,190247.11793838034,190247.11793838034,system,27,0.6838819025215144,795.4156799277033,meta_train_support,0,MARGO-SPLIT-v1,20,20,80,3,28,0.0,0.2,20,10,0.0005,0.0005,mrlco_first_order_mean_pseudogradient,fixed_literature_derived_defaults,,,,,,,,,,,,,,,,,,,,,,,,,,,,,,,,,
610.0995547912734,0.446085,0.510525,0.04339,-0.005731689278036356,0.030272793024778366,0.016423242740953966,0.1604166675359011,0.38114416549603153,0.0,0.0,0.0,0.0,0.0,0.0,0.7159135235270836,1.4578471183776855,publication,34.55464434623718,46.61702275276184,0.6346339082764118,0.6956717219294091,10000,0.10951826042986686,1.0268672886250885,-0.24514905180662683,4266.488371261923,mobile,2161.549127019369,4266.488371261932,183416.3977826786,183416.3977826786,system,28,0.6956717219294091,777.1508008041286,meta_train_support,0,MARGO-SPLIT-v1,20,20,80,3,29,0.0,0.2,20,10,0.0005,0.0005,mrlco_first_order_mean_pseudogradient,fixed_literature_derived_defaults,,,,,,,,,,,,,,,,,,,,,,,,,,,,,,,,,
615.9092620884622,0.44189,0.51532,0.04279,0.021042771637439728,0.03155612200498581,0.01389213944785297,0.16416666594644386,0.3055969441930453,0.0,0.0,0.0,0.0,0.0,0.0,0.7077493068405601,1.4838546514511108,publication,34.659480571746826,46.20301175117493,0.6317501177127011,0.692532657520579,10000,0.11335090171240562,1.0432098202717133,0.06692175681722501,4157.778852030423,mobile,2166.8415581916665,4157.778852030432,187497.82957232243,187497.82957232243,system,29,0.692532657520579,783.0739866505133,meta_train_support,0,MARGO-SPLIT-v1,20,20,80,3,30,0.0,0.2,20,10,0.0005,0.0005,mrlco_first_order_mean_pseudogradient,fixed_literature_derived_defaults,,,,,,,,,,,,,,,,,,,,,,,,,,,,,,,,,
614.7970093904768,0.441755,0.51736,0.040885,0.01302304770797491,0.03234713524580002,0.01678733629329751,0.18191666700877246,0.36446779916683836,0.0,0.0,0.0,0.0,0.0,0.0,0.6966436039862233,1.472517728805542,publication,35.46813344955444,47.69363808631897,0.6281400788070262,0.6887534724221798,10000,0.11390990372992643,1.0105053369586101,-0.06854892612696173,4192.711265015219,mobile,2159.724801916628,4192.711265015234,189577.87880019427,189577.87880019427,system,30,0.6887534724221798,789.4480653857395,meta_train_support,0,MARGO-SPLIT-v1,20,20,80,3,31,0.0,0.2,20,10,0.0005,0.0005,mrlco_first_order_mean_pseudogradient,fixed_literature_derived_defaults,,,,,,,,,,,,,,,,,,,,,,,,,,,,,,,,,
606.6516427646773,0.43669,0.522085,0.041225,-0.02654263563454151,0.028796719387173653,0.015580881495649618,0.18741666798790296,0.2961360116799672,0.0,0.0,0.0,0.0,0.0,0.0,0.6925921101105891,1.4058780670166016,publication,36.08350920677185,48.23699879646301,0.614981029960227,0.6744531969392712,10000,0.11934160181714468,0.9815302871127318,-0.4575713361668987,4355.026799136009,mobile,2163.0571202104097,4355.026799136012,198155.19053467584,198155.19053467584,system,31,0.6744531969392712,816.0078324959346,meta_train_support,0,MARGO-SPLIT-v1,20,20,80,3,32,0.0,0.2,20,10,0.0005,0.0005,mrlco_first_order_mean_pseudogradient,fixed_literature_derived_defaults,,,,,,,,,,,,,,,,,,,,,,,,,,,,,,,,,
625.5801611309461,0.428555,0.52859,0.042855,0.02568194828927517,0.02751307561993599,0.014712637756019834,0.17149999861915904,0.29565815304716425,0.0,0.0,0.0,0.0,0.0,0.0,0.6938291170238453,1.3027997016906738,publication,35.64691734313965,49.595623254776,0.6134787338414297,0.6719607189534952,10000,0.12334175475866672,1.0153271687130097,-0.3258883251885045,4609.629921128109,mobile,2189.5989853047554,4609.629921128128,182972.51964340903,182972.51964340903,system,32,0.6719607189534952,795.9234993604374,meta_train_support,0,MARGO-SPLIT-v1,20,20,80,3,33,0.0,0.2,20,10,0.0005,0.0005,mrlco_first_order_mean_pseudogradient,fixed_literature_derived_defaults,,,,,,,,,,,,,,,,,,,,,,,,,,,,,,,,,
596.079923252024,0.42442,0.533255,0.042325,0.01980973407626152,0.0244913287460804,0.01829511158478757,0.18958333221574625,0.348786768813928,0.0,0.0,0.0,0.0,0.0,0.0,0.6864645420750976,1.1867783069610596,publication,35.63924503326416,51.603561878204346,0.6194927221795565,0.6796977355925068,10000,0.12792423380762535,1.0953283798622384,-0.40617283560124395,4303.435755206671,mobile,1977.4409574185233,4303.435755206674,197396.1710376288,197396.1710376288,system,33,0.6796977355925068,788.8271000483295,meta_train_support,0,MARGO-SPLIT-v1,20,20,80,3,34,0.0,0.2,20,10,0.0005,0.0005,mrlco_first_order_mean_pseudogradient,fixed_literature_derived_defaults,,,,,,,,,,,,,,,,,,,,,,,,,,,,,,,,,
614.5558066424096,0.413565,0.54107,0.045365,-0.051118724048137665,0.020784176886081696,0.01538441635978719,0.16291666515171527,0.36769422441720967,0.0,0.0,0.0,0.0,0.0,0.0,0.6985763882741874,1.1019681692123413,publication,35.54095220565796,50.934906005859375,0.599922854568906,0.6559266636672652,10000,0.13432644829501914,1.0557614619681293,-0.6870703355693382,4994.783157009079,mobile,2080.499450585672,4994.783157009095,187028.6304092207,187028.6304092207,system,34,0.6559266636672652,809.9427257958561,meta_train_support,0,MARGO-SPLIT-v1,20,20,80,3,35,0.0,0.2,20,10,0.0005,0.0005,mrlco_first_order_mean_pseudogradient,fixed_literature_derived_defaults,,,,,,,,,,,,,,,,,,,,,,,,,,,,,,,,,
632.4944574965477,0.40056,0.54659,0.05285,-0.03185126930475235,0.01957506686449051,0.011945626690673332,0.13116666823625567,0.29092292139927545,0.0,0.0,0.0,0.0,0.0,0.0,0.7198465088789846,0.9723488092422485,publication,35.53601121902466,50.49537014961243,0.6047403945157718,0.6606336527692771,10000,0.13093610723744345,1.0029610457108245,-0.565138730449994,5006.165707940061,mobile,2238.6094506546515,5006.165707940044,192168.00242845574,192168.00242845574,system,35,0.6606336527692771,826.9000806326171,meta_train_support,0,MARGO-SPLIT-v1,20,20,80,3,36,0.0,0.2,20,10,0.0005,0.0005,mrlco_first_order_mean_pseudogradient,fixed_literature_derived_defaults,,,,,,,,,,,,,,,,,,,,,,,,,,,,,,,,,
606.1623766417367,0.395925,0.54841,0.055665,-0.001915095024742186,0.020484160631895065,0.013306304533034562,0.14991666749119759,0.31569509009520214,0.0,0.0,0.0,0.0,0.0,0.0,0.7280916896168325,0.8525022268295288,publication,35.71097755432129,49.64835810661316,0.6069210898199994,0.6646362923023494,10000,0.14044440505262948,1.0224646101135584,-1.107211107954006,5067.026580390615,mobile,2046.9127983291671,5067.0265803906,192278.65715860063,192278.65715860063,system,36,0.6646362923023494,806.9070844031021,meta_train_support,0,MARGO-SPLIT-v1,20,20,80,3,37,0.0,0.2,20,10,0.0005,0.0005,mrlco_first_order_mean_pseudogradient,fixed_literature_derived_defaults,,,,,,,,,,,,,,,,,,,,,,,,,,,,,,,,,
615.858250404426,0.38925,0.547685,0.063065,-0.06194646283984184,0.016210688278079033,0.011867899416635434,0.15274999911586443,0.2724859237670898,0.0,0.0,0.0,0.0,0.0,0.0,0.7559608746547078,0.7480577230453491,publication,35.383835792541504,50.4940505027771,0.5950126611873148,0.649719515857192,10000,0.1308552341896746,0.9805471432434765,-0.19122936130840817,5085.46584176608,mobile,2116.923162094333,5085.465841766079,184838.82786465404,184838.82786465404,system,37,0.649719515857192,809.2861810303375,meta_train_support,0,MARGO-SPLIT-v1,20,20,80,3,38,0.0,0.2,20,10,0.0005,0.0005,mrlco_first_order_mean_pseudogradient,fixed_literature_derived_defaults,,,,,,,,,,,,,,,,,,,,,,,,,,,,,,,,,
591.5657512817111,0.38352,0.548995,0.067485,-0.04244222491979599,0.01912817731499672,0.0121399936111023,0.16175000021855035,0.33502518087625505,0.0,0.0,0.0,0.0,0.0,0.0,0.7735064088399135,0.6216984987258911,publication,35.73636841773987,48.30540227890015,0.6099455631397763,0.6690120290886725,10000,0.12105174704431654,1.0028665225213076,-0.23137607429925855,4882.263675437308,mobile,2070.5575690262076,4882.263675437314,193901.24481781136,193901.24481781136,system,38,0.6690120290886725,809.5476256280232,meta_train_support,0,MARGO-SPLIT-v1,20,20,80,3,39,0.0,0.2,20,10,0.0005,0.0005,mrlco_first_order_mean_pseudogradient,fixed_literature_derived_defaults,,,,,,,,,,,,,,,,,,,,,,,,,,,,,,,,,
612.1918864139693,0.38286,0.545145,0.071995,0.011519449763000011,0.017375102266669273,0.011917564195270342,0.16983333217600977,0.32599363078673677,0.0,0.0,0.0,0.0,0.0,0.0,0.7962773021816381,0.6376788020133972,publication,35.7129647731781,50.94059777259827,0.6108849516216873,0.6682533018377086,10000,0.12343950940676247,1.0601609513813735,-0.22982390833694089,5129.823987712906,mobile,2171.167526425515,5129.823987712937,190227.46753106214,190227.46753106214,system,39,0.6682533018377086,822.4721987114102,meta_train_support,0,MARGO-SPLIT-v1,20,20,80,3,40,0.0,0.2,20,10,0.0005,0.0005,mrlco_first_order_mean_pseudogradient,fixed_literature_derived_defaults,,,,,,,,,,,,,,,,,,,,,,,,,,,,,,,,,
