"Average greedy latency,",action_fraction/local,action_fraction/mec,action_fraction/v2v,policy/policy_loss_mean,policy/value_loss_mean,policy/approx_kl,policy/clip_fraction,policy/grad_norm,collapse/flag,mask/active_rate,mask/forced_rate,mask/all_invalid_rate,policy/invalid_action_rate,policy/argmax_masked_rate,policy/entropy_valid,critic/value_abs_max,inner_update_mode,PolicyExecTime,EnvExecTime,AverageDiscountedReturn,AverageReturn,NumTrajs,StdReturn,MaxReturn,MinReturn,training/objective_discounted_return,training/objective_legacy_undiscounted_sum,"Average energy,",energy/average_energy_scope,energy/requester_joules,energy/mobile_joules,energy/system_joules,energy/primary_joules,energy/primary_scope,constraint/penalty,Itr,"Average reward, ","Average latency,",split_role,seed,split_version,support_graphs_per_meta_task,support_trajectories_per_meta_task,query_graph_count,k_steps,outer_update_count,entropy_coefficient,value_clip_epsilon,ppo_batch_size_trajectories,meta_batch_size_distributions,inner_learning_rate,outer_learning_rate,outer_update_method,hyperparameter_provenance.policy,constraint/mean_violation_C_GRAPH_HARD_DEADLINE,constraint/delta_C_GRAPH_HARD_DEADLINE,constraint/mean_violation_C_HI_TASK_TARDINESS,constraint/delta_C_HI_TASK_TARDINESS,constraint/mean_violation_C_MED_TASK_TARDINESS,constraint/delta_C_MED_TASK_TARDINESS,constraint/updates,constraint/skipped,constraint/lambda_C_GRAPH_HARD_DEADLINE,constraint/lambda_C_HI_TASK_TARDINESS,constraint/lambda_C_MED_TASK_TARDINESS,constraint/batch_size_after_reset_C_GRAPH_HARD_DEADLINE,constraint/batch_size_after_reset_C_HI_TASK_TARDINESS,constraint/batch_size_after_reset_C_MED_TASK_TARDINESS,constraint/lambda_broadcast_targets,validation/objective_discounted_return_k0,validation/objective_discounted_return_k3,validation/query_mean_latency_seconds_k3,validation/query_mean_latency_seconds_k0,validation/rollouts_k0,validation/query_graphs,validation/graph_hard_violation_rate_k3,validation/graph_high_tardiness_incidence_rate_k3,validation/graph_medium_tardiness_incidence_rate_k3,validation/high_task_tardiness_task_rate_k3,validation/medium_task_tardiness_task_rate_k3,validation/firm_task_miss_rate_k3,validation/firm_task_miss_count_k3,validation/n_high_tasks_k3,validation/n_medium_tasks_k3,validation/n_tardy_high_tasks_k3,validation/n_tardy_medium_tasks_k3,validation/mode_switch_rate_k3,validation/hi_mode_rate_k3,validation/mc_policy_violation_count_k3,correctness/core_scratch_sync_count,correctness/core_scratch_sync_max_abs_diff,correctness/core_unchanged_after_adaptation,correctness/lambda_broadcast_targets,correctness/penalty_steps,checkpoint_selection_metric,checkpoint_selection_rule_id,checkpoint_selection_rule_sha,checkpoint_selection_key_hash,checkpoint_selection_latency_s,checkpoint_is_best_val
0.0561457102432034,0.3595,0.2955,0.345,0.06712905317544937,0.22320693731307983,0.11882290666302046,0.5501666645208994,2.287216300765673,0.0,0.0,0.0,0.0,0.0,0.0,1.094140652716024,0.2755745053291321,publication,0.5426497459411621,3.672771692276001,0.21291056669217853,0.24448305920207603,200,0.4843465302043413,2.5082146204076707,-0.24540437757968903,0.21291056669217853,0.24448305911384524,230.74896212339402,mobile,0.0832083666314078,0.698279714938581,11.537448467405818,11.537448467405818,system,0.0,0,0.24448305911384524,0.2020329430520194,meta_train_support,0,MARGO-SPLIT-v1,20,20,80,3,1,0.0,0.2,20,10,0.0005,0.0005,mrlco_first_order_mean_pseudogradient,fixed_literature_derived_defaults,0.07880484587818232,0.003940242293909116,0.48516243023157146,0.024258121511578575,0.028793811708037326,0.0014396905854018663,3.0,0.0,0.003940242293909116,0.024258121511578575,0.0014396905854018663,0.0,0.0,0.0,11.0,-0.16552468433600148,-0.17275025835949492,0.17275025835949492,0.16552468433600148,40.0,40.0,0.15,0.55,0.05,0.1675,0.017857142857142856,0.10588235294117647,72.0,400.0,280.0,67.0,5.0,0.975,0.975,0.0,2.0,0.0,1.0,11.0,0.0,validation/automotive_lexicographic_v1,automotive_lexicographic_v1,a3bd00d5108237acdb706f561212b5d840bac151f48b5250a61c573d9c9ffb6c,459018131.0,0.17275025835949492,1.0
0.05302426883490582,0.41675,0.352,0.23125,0.05430702492594719,0.14321021735668182,0.09966626750926176,0.531333335240682,2.2097616344690327,0.0,0.0,0.0,0.0,0.0,0.0,1.071054584152517,0.392242431640625,publication,0.6246070861816406,5.0126073360443115,0.2513229989339294,0.28565346488822796,200,0.36857151207976707,1.5030777407810092,-0.1399038746021688,0.2513229989339294,0.2856534642277984,432.8653619003296,mobile,0.15549440026055422,1.2137840788669794,21.643268016364804,21.643268016364804,system,0.0021255548923560254,1,0.2856534642277984,0.18134891471945735,meta_train_support,0,MARGO-SPLIT-v1,20,20,80,3,2,0.0,0.2,20,10,0.0005,0.0005,mrlco_first_order_mean_pseudogradient,fixed_literature_derived_defaults,0.01299511791278837,0.0006497558956394187,0.08550866329420513,0.004275433164710258,4.961806304647681e-05,2.480903152323778e-06,3.0,0.0,0.0045899981895485345,0.028533554676288833,0.00144217148855419,0.0,0.0,0.0,11.0,,,,,,,,,,,,,,,,,,,,,,,,,,,,,,,
0.0785894452679792,0.4035,0.425,0.1715,0.0538589209318161,0.10098209232091904,0.0633297240982453,0.511666664481163,0.9831475565830867,0.0,0.0,0.0,0.0,0.0,0.0,1.027651030084925,0.3688439130783081,publication,0.6603155136108398,5.391674518585205,0.3653667095629551,0.415211458993565,200,0.48596929338772277,1.9266021493822336,-0.30875595193356276,0.365366709562955,0.41521146006532944,105.09037293434143,mobile,0.09752723349806074,0.48727415493162934,5.254518628933639,5.254518628933639,system,0.017432193183932843,2,0.41521146006532944,0.2780484002527866,meta_train_support,0,MARGO-SPLIT-v1,20,20,80,3,3,0.0,0.2,20,10,0.0005,0.0005,mrlco_first_order_mean_pseudogradient,fixed_literature_derived_defaults,0.07976095509879076,0.0039880477549395395,0.5973097309688427,0.029865486548442136,0.01575449059575641,0.0007877245297878204,3.0,0.0,0.008578045944488074,0.05839904122473097,0.0022298960183420105,0.0,0.0,0.0,11.0,,,,,,,,,,,,,,,,,,,,,,,,,,,,,,,
0.05477848347557044,0.4035,0.44525,0.15125,0.029693493619561195,0.17688502371311188,0.04660830888897181,0.4330833315849304,0.9853716025749841,0.0,0.0,0.0,0.0,0.0,0.0,0.9795064801218464,0.3658241629600525,publication,0.6385133266448975,5.496049404144287,0.4831910192413632,0.5442908013964916,200,0.6939925534482223,2.905174581333995,-0.5766151985153556,0.4831910192413633,0.5442907932703384,456.127406539917,mobile,0.11100508333643887,1.2987614357977093,22.80637023680636,22.80637023680636,system,0.022174413450480223,3,0.5442907932703384,0.1833981628192022,meta_train_support,0,MARGO-SPLIT-v1,20,20,80,3,4,0.0,0.2,20,10,0.0005,0.0005,mrlco_first_order_mean_pseudogradient,fixed_literature_derived_defaults,0.05016840970596406,0.0025084204852982035,0.37162549974530906,0.01858127498726546,0.01860788437294885,0.0009303942186474424,3.0,0.0,0.011086466429786277,0.07698031621199643,0.003160290236989453,0.0,0.0,0.0,11.0,,,,,,,,,,,,,,,,,,,,,,,,,,,,,,,
0.049993240904121675,0.407,0.463,0.13,0.013633686117827892,0.05845363065600395,0.02808172522733609,0.3265833323200544,0.7247876639167468,0.0,0.0,0.0,0.0,0.0,0.0,0.9446273438570286,0.35962939262390137,publication,0.6133754253387451,5.206336259841919,0.21336013369477322,0.2428302715485552,200,0.3221494270152159,1.0774259583558887,-0.37568751629441977,0.21336013369477316,0.24283026810386218,459.7423948478699,mobile,0.13419409342885757,0.7692334094580495,22.987119796478197,22.987119796478197,system,0.005051422541413129,4,0.24283026810386218,0.14167181058460337,meta_train_support,0,MARGO-SPLIT-v1,20,20,80,3,5,0.0,0.2,20,10,0.0005,0.0005,mrlco_first_order_mean_pseudogradient,fixed_literature_derived_defaults,0.0037663217364283857,0.00018831608682141898,0.0650629248527219,0.00325314624263609,0.0003489594296248535,1.7447971481242535e-05,3.0,0.0,0.011274782516607696,0.08023346245463252,0.0031777382084706954,0.0,0.0,0.0,11.0,,,,,,,,,,,,,,,,,,,,,,,,,,,,,,,
0.056981093703054195,0.3715,0.50475,0.12375,0.01265496015548706,0.1680481731891632,0.04575587597986062,0.4301666696866353,0.9748325705528259,0.0,0.0,0.0,0.0,0.0,0.0,0.927563902354932,0.3028775453567505,publication,0.6198127269744873,5.109070301055908,0.36493529759905713,0.4113488791340296,200,0.6184205294153718,2.3124961145222187,-0.663346454501152,0.3649352975990571,0.41134888157248495,467.76120111942294,mobile,0.10406236711470018,0.3074901112232242,23.388059706264745,23.388059706264745,system,0.018893164929352113,5,0.41134888157248495,0.15839325858092912,meta_train_support,0,MARGO-SPLIT-v1,20,20,80,3,6,0.0,0.2,20,10,0.0005,0.0005,mrlco_first_order_mean_pseudogradient,fixed_literature_derived_defaults,0.02841256964552458,0.0014206284822762295,0.23107771017431233,0.011553885508715625,0.010276051815932918,0.0005138025907966458,3.0,0.0,0.012695410998883926,0.09178734796334814,0.003691540799267341,0.0,0.0,0.0,11.0,,,,,,,,,,,,,,,,,,,,,,,,,,,,,,,
0.05478562688148068,0.367,0.52025,0.11275,0.004645203705877066,0.10042940825223923,0.03586135466272633,0.35633333573738735,0.740376890450716,0.0,0.0,0.0,0.0,0.0,0.0,0.8916145182780391,0.2559156119823456,publication,0.6145050525665283,5.746505975723267,0.31886487961750454,0.3592933934111852,200,0.5790764272855907,2.145643880125135,-0.6123775923624635,0.31886487961750454,0.3592933948233258,383.96246520996095,mobile,0.09355369450197867,0.34269437893314025,19.19812344186002,19.19812344186002,system,0.008657680595154631,6,0.3592933948233258,0.12603291859639645,meta_train_support,0,MARGO-SPLIT-v1,20,20,80,3,7,0.0,0.2,20,10,0.0005,0.0005,mrlco_first_order_mean_pseudogradient,fixed_literature_derived_defaults,0.006943848790417246,0.00034719243952086205,0.09323384118388969,0.004661692059194478,0.003206942245717536,0.0001603471122858767,3.0,0.0,0.013042603438404788,0.09644904002254262,0.003851887911553218,0.0,0.0,0.0,11.0,,,,,,,,,,,,,,,,,,,,,,,,,,,,,,,
0.057026415440004606,0.33275,0.569,0.09825,0.0075233313255012035,0.08936434239149094,0.03431800700103243,0.3205833317091068,0.7923863142728804,0.0,0.0,0.0,0.0,0.0,0.0,0.8472916590286312,0.3970426917076111,publication,0.5618815422058105,5.206448316574097,0.4100603345701942,0.4647902035446009,200,0.7066550602056613,2.765514033846557,-0.1737259810906835,0.4100603345701942,0.464790206978796,367.2377567768097,mobile,0.11448293734564163,0.3192012367128285,18.361888023319587,18.361888023319587,system,0.00891073620942468,7,0.464790206978796,0.12948361583150542,meta_train_support,0,MARGO-SPLIT-v1,20,20,80,3,8,0.0,0.2,20,10,0.0005,0.0005,mrlco_first_order_mean_pseudogradient,fixed_literature_derived_defaults,0.008344318912519674,0.00041721594562598406,0.09115351109865222,0.004557675554932611,0.002657379178976159,0.00013286895894880834,3.0,0.0,0.013459819384030772,0.10100671557747523,0.003984756870502026,0.0,0.0,0.0,11.0,,,,,,,,,,,,,,,,,,,,,,,,,,,,,,,
0.06325362856621433,0.316,0.6185,0.0655,0.011439700610935688,0.11463142186403275,0.028007805533707148,0.26650000028312204,0.8082028776407242,0.0,0.0,0.0,0.0,0.0,0.0,0.7852141828282047,0.6303865909576416,publication,0.5610659122467041,5.24649453163147,0.4301762059538015,0.4878240112802604,200,0.5657336852724344,1.9148252960294485,-0.40548183023929596,0.4301762059538016,0.48782401052012575,271.31320920944216,mobile,0.08684028014491296,0.44020372815446607,13.565660462071035,13.565660462071035,system,0.008483555864311477,8,0.48782401052012575,0.1313821319601117,meta_train_support,0,MARGO-SPLIT-v1,20,20,80,3,9,0.0,0.2,20,10,0.0005,0.0005,mrlco_first_order_mean_pseudogradient,fixed_literature_derived_defaults,0.006612681102696179,0.0003306340551348097,0.08296758849705226,0.004148379424852619,0.00358033325943702,0.00017901666297185075,3.0,0.0,0.013790453439165582,0.10515509500232785,0.004163773533473877,0.0,0.0,0.0,11.0,,,,,,,,,,,,,,,,,,,,,,,,,,,,,,,
0.05643615039391765,0.3025,0.64025,0.05725,0.012031631544232368,0.16313576698303223,0.024359617716011903,0.252083333581686,0.9175520703196526,0.0,0.0,0.0,0.0,0.0,0.0,0.7373868984599448,0.765367865562439,publication,0.5895309448242188,5.024200439453125,0.5367074808806422,0.6068609709425619,200,0.652638425643494,2.1774050393141806,-0.4723304370418191,0.5367074808806424,0.6068609672256571,447.79312890052796,mobile,0.0856503370098664,0.301286033444588,22.389656520207758,22.389656520207758,system,0.008198414513429085,9,0.6068609672256571,0.13249874362283545,meta_train_support,0,MARGO-SPLIT-v1,20,20,80,3,10,0.0,0.2,20,10,0.0005,0.0005,mrlco_first_order_mean_pseudogradient,fixed_literature_derived_defaults,0.009991464634992134,0.000499573231749607,0.07659277816260182,0.0038296389081300952,0.0015627222177740285,7.813611088870135e-05,3.0,0.0,0.014290026670915189,0.10898473391045795,0.004241909644362578,0.0,0.0,0.0,11.0,,,,,,,,,,,,,,,,,,,,,,,,,,,,,,,
0.053794840307055045,0.29475,0.65675,0.0485,0.0061967987567186356,0.070994533598423,0.015312596883935234,0.15891666626557707,0.7025854175289472,0.0,0.0,0.0,0.0,0.0,0.0,0.7024742669769479,0.6674846410751343,publication,0.6255168914794922,5.296571254730225,0.313360860678908,0.35473092071165185,200,0.4522704114062373,1.5183938942209352,-0.25381609983742237,0.31336086067890795,0.35473092246451415,420.0702855396271,mobile,0.08705522670792196,0.25980713878382694,21.003514395876955,21.003514395876955,system,0.0018531033621554697,10,0.35473092246451415,0.11355602225925232,meta_train_support,0,MARGO-SPLIT-v1,20,20,80,3,11,0.0,0.2,20,10,0.0005,0.0005,mrlco_first_order_mean_pseudogradient,fixed_literature_derived_defaults,0.0011660906473529398,5.8304532367646836e-05,0.016839809903798526,0.0008419904951899315,0.00027291817435415723,1.3645908717707482e-05,3.0,0.0,0.014348331203282836,0.10982672440564788,0.004255555553080286,0.0,0.0,0.0,11.0,,,,,,,,,,,,,,,,,,,,,,,,,,,,,,,
0.0600249054526949,0.27725,0.68475,0.038,0.010529479943215847,0.04994503781199455,0.021094646165147425,0.1883333330353101,0.9433435395359993,0.0,0.0,0.0,0.0,0.0,0.0,0.6607406404874621,0.7155395746231079,publication,0.6417009830474854,5.249911546707153,0.3277640308746635,0.3709678143082556,200,0.3985250361321395,1.4875284191220999,-0.08684956864453852,0.32776403087466344,0.370967814741889,363.6250935411453,mobile,0.08023744312650641,0.16153578694140447,18.181254718932674,18.181254718932674,system,0.0014830759403035615,11,0.370967814741889,0.10439380751756915,meta_train_support,0,MARGO-SPLIT-v1,20,20,80,3,12,0.0,0.2,20,10,0.0005,0.0005,mrlco_first_order_mean_pseudogradient,fixed_literature_derived_defaults,0.0006557995630948457,3.278997815474305e-05,0.013395071708739124,0.000669753585436958,0.0005943905532839188,2.971952766419629e-05,3.0,0.0,0.014381121181437579,0.11049647799108483,0.004285275080744482,0.0,0.0,0.0,11.0,,,,,,,,,,,,,,,,,,,,,,,,,,,,,,,
0.06852089962018679,0.291,0.67025,0.03875,0.00021219352493062615,0.1324682980775833,0.013293510489165786,0.16058333342274028,0.6044690296053886,0.0,0.0,0.0,0.0,0.0,0.0,0.6534914576367021,0.3390665352344513,publication,0.6190669536590576,5.5374579429626465,0.38123277342043466,0.4304605718972016,200,0.770966518833548,3.039181038737297,-0.5124626005999744,0.3812327734204347,0.4304605712764896,108.56743844985962,mobile,0.07013311214425715,0.10662792190971306,5.428372043160413,5.428372043160413,system,0.008574423686555463,12,0.4304605712764896,0.14254572040668193,meta_train_support,0,MARGO-SPLIT-v1,20,20,80,3,13,0.0,0.2,20,10,0.0005,0.0005,mrlco_first_order_mean_pseudogradient,fixed_literature_derived_defaults,0.011554938767627336,0.0005777469383813662,0.0759878942873885,0.0037993947143694223,0.0027666889418817902,0.00013833444709408955,3.0,0.0,0.014958868119818945,0.11429587270545426,0.004423609527838572,0.0,0.0,0.0,11.0,,,,,,,,,,,,,,,,,,,,,,,,,,,,,,,
0.062446168607426064,0.2885,0.68025,0.03125,0.0025218159426003695,0.15005601942539215,0.01621754877269268,0.1607499998062849,0.6566600292921067,0.0,0.0,0.0,0.0,0.0,0.0,0.6255058267160163,0.3328886926174164,publication,0.6445512771606445,5.063899517059326,0.6652550891907469,0.7545867941887354,200,0.7704214829638134,2.9374721511267126,-0.17497263266704977,0.6652550891907468,0.7545867883530445,294.72687736511233,mobile,0.053456313703689376,0.12661311685556423,14.736343736477382,14.736343736477382,system,0.006821061820659762,13,0.7545867883530445,0.127091453713317,meta_train_support,0,MARGO-SPLIT-v1,20,20,80,3,14,0.0,0.2,20,10,0.0005,0.0005,mrlco_first_order_mean_pseudogradient,fixed_literature_derived_defaults,0.006607269884595646,0.0003303634942297823,0.05869852466479095,0.002934926233239543,0.0029897391837824423,0.00014948695918912212,3.0,0.0,0.015289231614048727,0.1172307989386938,0.004573096487027694,0.0,0.0,0.0,11.0,,,,,,,,,,,,,,,,,,,,,,,,,,,,,,,
0.0595978185914144,0.2695,0.70125,0.02925,0.0071310196071863174,0.20305408537387848,0.022801600683790942,0.1793333321499328,0.8082232971986135,0.0,0.0,0.0,0.0,0.0,0.0,0.6034562016680391,0.5514124631881714,publication,0.6472518444061279,5.129231929779053,0.6746215852671061,0.7625815750707807,200,0.9172651429913229,3.2426127176731825,-0.5356278074905276,0.6746215852671061,0.7625815632566809,631.1346300125122,mobile,0.07373961683696126,0.15022161342486162,31.556730903695208,31.556730903695208,system,0.011118820864607557,14,0.7625815632566809,0.09505139201550782,meta_train_support,0,MARGO-SPLIT-v1,20,20,80,3,15,0.0,0.2,20,10,0.0005,0.0005,mrlco_first_order_mean_pseudogradient,fixed_literature_derived_defaults,0.00394353620250481,0.00019717681012523976,0.09365900041776337,0.004682950020888171,0.01723291421442118,0.0008616457107210587,3.0,0.0,0.015486408424173967,0.12191374895958197,0.0054347421977487525,0.0,0.0,0.0,11.0,,,,,,,,,,,,,,,,,,,,,,,,,,,,,,,
0.051994857839120556,0.276,0.6915,0.0325,0.00017930573085322976,0.17856889963150024,0.01078324461899077,0.12358333431184294,0.7033771942059198,0.0,0.0,0.0,0.0,0.0,0.0,0.5951734512126338,0.5077317953109741,publication,0.5499157905578613,5.072108030319214,0.7326959054846381,0.8265601142438754,200,0.658143197706476,2.1902408925816417,-0.07999594928696752,0.7326959054846381,0.826560112000443,529.7448938179016,mobile,0.043825881578188425,0.1020789895017946,26.487244529871674,26.487244529871674,system,0.0032868853047990695,15,0.826560112000443,0.09240235790248677,meta_train_support,0,MARGO-SPLIT-v1,20,20,80,3,16,0.0,0.2,20,10,0.0005,0.0005,mrlco_first_order_mean_pseudogradient,fixed_literature_derived_defaults,0.0026556052934142214,0.00013278026467071144,0.02658072594017164,0.0013290362970085762,0.0009574634801407332,4.787317400703657e-05,3.0,0.0,0.015619188688844678,0.12324278525659055,0.005482615371755789,0.0,0.0,0.0,11.0,,,,,,,,,,,,,,,,,,,,,,,,,,,,,,,
0.08507796772468897,0.241,0.72725,0.03175,0.002086278051137924,0.31789878010749817,0.011191782386352619,0.13691666579494874,0.9406459728876749,0.0,0.0,0.0,0.0,0.0,0.0,0.5722415443958734,0.4155544638633728,publication,0.6412878036499023,5.380043268203735,0.8252667105636385,0.9388181815736106,200,1.167958785043406,4.293046174570918,0.009502916829660535,0.8252667105636385,0.9388181797554717,365.2596483707428,mobile,0.07179108381854113,0.13438704627433348,18.2629823155344,18.2629823155344,system,0.008745187875942619,16,0.9388181797554717,0.12819687654172965,meta_train_support,0,MARGO-SPLIT-v1,20,20,80,3,17,0.0,0.2,20,10,0.0005,0.0005,mrlco_first_order_mean_pseudogradient,fixed_literature_derived_defaults,0.0037705377931783,0.00018852688965891387,0.0699171205466308,0.0034958560273315453,0.012679069511803516,0.0006339534755901762,3.0,0.0,0.015807715578503592,0.1267386412839221,0.006116568847345965,0.0,0.0,0.0,11.0,,,,,,,,,,,,,,,,,,,,,,,,,,,,,,,
0.04670553356924867,0.22775,0.74175,0.0305,0.0039369757287204266,0.22055818140506744,0.00961748001476129,0.10616666562855245,0.8931658079226811,0.0,0.0,0.0,0.0,0.0,0.0,0.5542505734605764,0.5187680125236511,publication,0.6425933837890625,5.425403594970703,0.5351921046895941,0.6027444858946001,200,0.8025608670256389,2.4212643802165985,-0.02613839623518288,0.5351921046895942,0.6027444828487932,347.5370690727234,mobile,0.045895170313377136,0.10994003551750879,17.376853421173713,17.376853421173713,system,0.003418490646678806,17,0.6027444828487932,0.07545393892396501,meta_train_support,0,MARGO-SPLIT-v1,20,20,80,3,18,0.0,0.2,20,10,0.0005,0.0005,mrlco_first_order_mean_pseudogradient,fixed_literature_derived_defaults,0.004228516620486524,0.00021142583102432694,0.026280969421809113,0.0013140484710904565,0.003406011278337742,0.0001703005639168871,3.0,0.0,0.01601914140952792,0.12805268975501255,0.006286869411262852,0.0,0.0,0.0,11.0,,,,,,,,,,,,,,,,,,,,,,,,,,,,,,,
0.05462156511203233,0.199,0.768,0.033,0.0012742462567985058,0.12291041016578674,0.009358625715443245,0.11074999974419672,0.736263796687126,0.0,0.0,0.0,0.0,0.0,0.0,0.5207673381045417,0.7245886921882629,publication,0.6362428665161133,5.642919301986694,0.4415491954646328,0.49669986968903,200,0.6634219195192189,2.3277950697229244,-0.10863578878343105,0.44154919546463284,0.4966998591599986,603.0423585891724,mobile,0.0445632092969477,0.0634306130683699,30.152117665979222,30.152117665979222,system,0.0034700468152215834,18,0.4966998591599986,0.07842416687713921,meta_train_support,0,MARGO-SPLIT-v1,20,20,80,3,19,0.0,0.2,20,10,0.0005,0.0005,mrlco_first_order_mean_pseudogradient,fixed_literature_derived_defaults,0.0015650865173991524,7.825432586995931e-05,0.02663729525733042,0.0013318647628665081,0.00540780557978735,0.00027039027898936776,3.0,0.0,0.01609739573539788,0.12938455451787906,0.00655725969025222,0.0,0.0,0.0,11.0,,,,,,,,,,,,,,,,,,,,,,,,,,,,,,,
0.04610126094600372,0.182,0.78675,0.03125,0.0017415063921362162,0.12311997264623642,0.01212002931473156,0.0988333330800136,0.7638919241726398,0.0,0.0,0.0,0.0,0.0,0.0,0.49790230063869517,0.7453789114952087,publication,0.636260986328125,5.450110912322998,0.35179279834955907,0.39556364629331936,200,0.6707883759215234,2.4964612955227494,-0.07029828778468072,0.3517927983495591,0.39556364915333686,314.7912204837799,mobile,0.04790532935290313,0.09347424504883542,15.739561270930047,15.739561270930047,system,0.001930617251259158,19,0.39556364915333686,0.0780479967985325,meta_train_support,0,MARGO-SPLIT-v1,20,20,80,3,20,0.0,0.2,20,10,0.0005,0.0005,mrlco_first_order_mean_pseudogradient,fixed_literature_derived_defaults,0.0018003946897001113,9.001973448500428e-05,0.014521922995398276,0.0007260961497699003,0.0034653268331550444,0.00017326634165775248,3.0,0.0,0.016187415469882883,0.13011065066764896,0.006730526031909973,0.0,0.0,0.0,11.0,,,,,,,,,,,,,,,,,,,,,,,,,,,,,,,
0.07123758464818686,0.16375,0.7985,0.03775,-0.001478396006859839,0.4233531951904297,0.008332668795871238,0.08075000053892532,0.9202068602045378,0.0,0.0,0.0,0.0,0.0,0.0,0.46801976920909805,0.558989405632019,publication,0.5645084381103516,5.477614879608154,0.7235017117616984,0.8167621827677067,200,0.9426124166862564,3.2406516103073955,-0.09026996797183529,0.7235017117616984,0.8167621764878277,230.35289149284364,mobile,0.04059060009825302,0.07203839919422948,11.517644445613962,11.517644445613962,system,0.00271490806063244,20,0.8167621764878277,0.09677919949647348,meta_train_support,0,MARGO-SPLIT-v1,20,20,80,3,21,0.0,0.2,20,10,0.0005,0.0005,mrlco_first_order_mean_pseudogradient,fixed_literature_derived_defaults,0.0015368241314093636,7.68412065704667e-05,0.020422965786588497,0.001021148289329421,0.004871162031254788,0.0002435581015627396,3.0,0.0,0.01626425667645335,0.13113179895697838,0.006974084133472712,0.0,0.0,0.0,11.0,,,,,,,,,,,,,,,,,,,,,,,,,,,,,,,
0.06968985282027226,0.14075,0.8205,0.03875,0.00020674987172242254,0.10889748483896255,0.009511077404022215,0.07800000067800282,1.1685004403193793,0.0,0.0,0.0,0.0,0.0,0.0,0.4190466427683103,0.7914617657661438,publication,0.6520688533782959,5.370028257369995,0.5873562815609439,0.6642637423562427,200,0.7144634463063705,2.4431255338713527,-0.0859975521452725,0.5873562815609439,0.6642637281492353,685.0247876167298,mobile,0.04014652557963396,0.11576684552434935,34.25123940519188,34.25123940519188,system,0.002052669743219505,21,0.6642637281492353,0.08967550337417342,meta_train_support,0,MARGO-SPLIT-v1,20,20,80,3,22,0.0,0.2,20,10,0.0005,0.0005,mrlco_first_order_mean_pseudogradient,fixed_literature_derived_defaults,0.003211556537066025,0.00016057782685329966,0.015250392525933023,0.0007625196262966427,8.958260785353791e-05,4.479130392676632e-06,3.0,0.0,0.01642483450330665,0.13189431858327502,0.006978563263865389,0.0,0.0,0.0,11.0,,,,,,,,,,,,,,,,,,,,,,,,,,,,,,,
0.05867713597161944,0.12325,0.836,0.04075,0.00047378975432366133,0.2428557276725769,0.007342052250169218,0.06591666685417294,1.2172262628873187,0.0,0.0,0.0,0.0,0.0,0.0,0.3947432194144915,0.7655779719352722,publication,0.6140449047088623,5.104685306549072,0.6857330236384312,0.7761657041923354,200,0.8951287360616037,2.658631492871791,-0.013504407252185047,0.6857330236384314,0.7761657073919196,551.1889459037781,mobile,0.034834795697983714,0.07394975344240912,27.559447884517116,27.559447884517116,system,0.0011941202712524677,22,0.7761657073919196,0.07170577339775906,meta_train_support,0,MARGO-SPLIT-v1,20,20,80,3,23,0.0,0.2,20,10,0.0005,0.0005,mrlco_first_order_mean_pseudogradient,fixed_literature_derived_defaults,0.0008107944860468473,4.0539724302342955e-05,0.008856426595023902,0.00044282132975120847,0.0018185340864063692,9.092670432031807e-05,3.0,0.0,0.016465374227608992,0.13233713991302623,0.007069489968185707,0.0,0.0,0.0,11.0,,,,,,,,,,,,,,,,,,,,,,,,,,,,,,,
0.07703488765540042,0.10825,0.858,0.03375,-0.0013181989779695868,0.317126601934433,0.004831000316577653,0.049416666850447655,1.685729249318441,0.0,0.0,0.0,0.0,0.0,0.0,0.35216125877173454,0.7409305572509766,publication,0.5989983081817627,4.687762975692749,0.8924181417883775,1.0116624590145296,200,0.859842976016677,2.9826684426516294,-0.39184724539518356,0.8924181417883774,1.0116624524077633,494.5529455757141,mobile,0.03817262441176488,0.0700551945572707,24.727646750644652,24.727646750644652,system,0.004206804479471482,23,1.0116624524077633,0.09318012148657102,meta_train_support,0,MARGO-SPLIT-v1,20,20,80,3,24,0.0,0.2,20,10,0.0005,0.0005,mrlco_first_order_mean_pseudogradient,fixed_literature_derived_defaults,0.0010399612616056773,5.199806308028507e-05,0.031084813362813178,0.0015542406681406662,0.010751247019807217,0.000537562350990361,3.0,0.0,0.016517372290689277,0.1338913805811669,0.007607052319176068,0.0,0.0,0.0,11.0,,,,,,,,,,,,,,,,,,,,,,,,,,,,,,,
0.05312645014540773,0.089,0.8765,0.0345,0.0019277968676760793,0.2075461745262146,0.006082066334784031,0.060833333649983015,1.6286499867836632,0.0,0.0,0.0,0.0,0.0,0.0,0.33716230146940707,0.7693041563034058,publication,0.5955538749694824,5.345965623855591,0.6591712534109113,0.7425814481747876,200,0.7820422475638678,3.047798144631088,-0.0031475413125008345,0.6591712534109114,0.7425814554875251,668.3804952430725,mobile,0.024403144626356198,0.050130083288331344,33.41902461713431,33.41902461713431,system,0.0015050614126869053,24,0.7425814554875251,0.062970737589024,meta_train_support,0,MARGO-SPLIT-v1,20,20,80,3,25,0.0,0.2,20,10,0.0005,0.0005,mrlco_first_order_mean_pseudogradient,fixed_literature_derived_defaults,9.211665746841235e-05,4.605832873420812e-06,0.01094947117516696,0.0005474735587583379,0.004929646032537255,0.0002464823016268625,3.0,0.0,0.016521978123562698,0.13443885413992523,0.00785353462080293,0.0,0.0,0.0,11.0,,,,,,,,,,,,,,,,,,,,,,,,,,,,,,,
0.0677041426962379,0.0855,0.88775,0.02675,-0.0004940565559081733,0.4617025554180145,0.00444084182769681,0.04541666656732559,2.0016456405321756,0.0,0.0,0.0,0.0,0.0,0.0,0.302160255688548,0.8224383592605591,publication,0.6106002330780029,3.3555338382720947,0.9893868553827099,1.1188519710115452,200,1.006535700171034,2.9037085231393576,-0.03637771785724908,0.9893868553827103,1.118851962450426,490.1275430774689,mobile,0.02592696238151537,0.0536550259370359,24.506376667926084,24.506376667926084,system,0.00159245214006915,25,1.118851962450426,0.06487782568135397,meta_train_support,0,MARGO-SPLIT-v1,20,20,80,3,26,0.0,0.2,20,10,0.0005,0.0005,mrlco_first_order_mean_pseudogradient,fixed_literature_derived_defaults,0.0,0.0,0.011519467614260379,0.0005759733807130241,0.0055755931335703945,0.0002787796566785204,2.0,0.0,0.016521978123562698,0.13501482752063826,0.008132314277481451,0.0,0.0,0.0,11.0,,,,,,,,,,,,,,,,,,,,,,,,,,,,,,,
0.05501282693617161,0.08275,0.9,0.01725,-0.0021397771779447794,0.10761182010173798,0.003526847248819346,0.04658333358044425,1.4431297188003858,0.0,0.0,0.0,0.0,0.0,0.0,0.28759246432090735,0.8906609416007996,publication,0.6560590267181396,4.9651219844818115,0.47319694534163903,0.5325940992833648,200,0.7066191328316849,2.13343243394047,-0.04050028434721753,0.47319694534163903,0.5325940944766626,472.1409775543213,mobile,0.024290642105363622,0.04322285325302747,23.607049372343454,23.607049372343454,system,0.000378033655514145,26,0.5325940944766626,0.05959311817832699,meta_train_support,0,MARGO-SPLIT-v1,20,20,80,3,27,0.0,0.2,20,10,0.0005,0.0005,mrlco_first_order_mean_pseudogradient,fixed_literature_derived_defaults,0.00022737713429185237,1.1368856714592812e-05,0.0027721172729592604,0.00013860586364797256,0.0,0.0,2.0,0.0,0.01653334698027729,0.13515343338428623,0.008132314277481451,0.0,0.0,0.0,11.0,,,,,,,,,,,,,,,,,,,,,,,,,,,,,,,
0.04787702249906635,0.08325,0.8925,0.02425,-0.0016375735867768526,0.13829486072063446,0.004291649568282689,0.04749999986961483,1.4087108711401621,0.0,0.0,0.0,0.0,0.0,0.0,0.2830581758926082,0.7892740368843079,publication,0.6392884254455566,5.789086580276489,0.40669280116932677,0.4576640752021558,200,0.780892979193026,2.293407772667706,-0.02861401959671639,0.40669280116932677,0.4576640736404806,184.39032892227172,mobile,0.02021880592253058,0.037468380551941585,9.219516444887468,9.219516444887468,system,0.00037945628810995275,27,0.4576640736404806,0.05221921438416565,meta_train_support,0,MARGO-SPLIT-v1,20,20,80,3,28,0.0,0.2,20,10,0.0005,0.0005,mrlco_first_order_mean_pseudogradient,fixed_literature_derived_defaults,0.0,0.0,0.002721807771401517,0.00013609038857007039,0.0014257470133822784,7.128735066911328e-05,2.0,0.0,0.01653334698027729,0.1352895237728563,0.008203601628150564,0.0,0.0,0.0,11.0,,,,,,,,,,,,,,,,,,,,,,,,,,,,,,,
0.05324350306896484,0.0705,0.9135,0.016,-0.00010887427924899384,0.29839977622032166,0.0033528573102861023,0.037916666657353444,1.6647235095500945,0.0,0.0,0.0,0.0,0.0,0.0,0.2544413343098796,0.8194747567176819,publication,0.6504080295562744,4.572776794433594,0.780824189216727,0.8805754731136222,200,1.1597942327422672,3.005076414439827,-0.029773964299238287,0.7808241892167269,0.8805754974717275,436.8550086212158,mobile,0.022352398549823564,0.05089764762004812,21.84275007943139,21.84275007943139,system,0.001298463434208884,28,0.8805754974717275,0.06309574894634216,meta_train_support,0,MARGO-SPLIT-v1,20,20,80,3,29,0.0,0.2,20,10,0.0005,0.0005,mrlco_first_order_mean_pseudogradient,fixed_literature_derived_defaults,6.493973418746662e-05,3.246986709372346e-06,0.009363784607336324,0.0004681892303668167,0.003726144222767863,0.00018630721113839337,3.0,0.0,0.016536593966986663,0.13575771300322312,0.008389908839288958,0.0,0.0,0.0,11.0,,,,,,,,,,,,,,,,,,,,,,,,,,,,,,,
0.0742324942915084,0.063,0.9235,0.0135,0.0007919177296571434,0.10301335901021957,0.007660927817535898,0.06716666691936553,1.4829683790604276,0.0,0.0,0.0,0.0,0.0,0.0,0.22173684931939702,0.7093316912651062,publication,0.6550836563110352,5.527836322784424,0.4705664664847737,0.5302883774167276,200,0.692603469438267,2.408324717078358,-0.035327290650457144,0.4705664664847736,0.5302883634110913,598.6985058021545,mobile,0.0224359229662709,0.04564182012769218,29.934925565258553,29.934925565258553,system,1.24365904663462e-05,29,0.5302883634110913,0.07253473937742423,meta_train_support,0,MARGO-SPLIT-v1,20,20,80,3,30,0.0,0.2,20,10,0.0005,0.0005,mrlco_first_order_mean_pseudogradient,fixed_literature_derived_defaults,0.0,0.0,8.861466001227246e-05,4.43073300060437e-06,4.8447115732472324e-05,2.4223557866243084e-06,2.0,0.0,0.016536593966986663,0.13576214373622372,0.008392331195075582,0.0,0.0,0.0,11.0,,,,,,,,,,,,,,,,,,,,,,,,,,,,,,,
0.060219336628189776,0.06525,0.92075,0.014,0.0025450079701840878,0.09503581374883652,0.006857653618014108,0.05400000009685755,1.1856264447172482,0.0,0.0,0.0,0.0,0.0,0.0,0.22861110375936908,0.626009464263916,publication,0.625910758972168,4.6875550746917725,0.4136902547590459,0.4669350915844279,200,0.6681050457314364,2.252275412902236,-0.0333544741733931,0.4136902547590459,0.4669351102877408,374.978859500885,mobile,0.01741815217967403,0.04151284747341891,18.748943713422054,18.748943713422054,system,0.0001637887809134473,30,0.4669351102877408,0.05973293295102504,meta_train_support,0,MARGO-SPLIT-v1,20,20,80,3,31,0.0,0.2,20,10,0.0005,0.0005,mrlco_first_order_mean_pseudogradient,fixed_literature_derived_defaults,0.0,0.0,0.0011867628440097749,5.933814220049349e-05,0.0003183040614209802,1.5915203071049586e-05,2.0,0.0,0.016536593966986663,0.13582148187842422,0.008408246398146631,0.0,0.0,0.0,11.0,,,,,,,,,,,,,,,,,,,,,,,,,,,,,,,
0.07656575633237662,0.05525,0.9315,0.01325,9.405474702361971e-05,0.21438077092170715,0.004325137108874818,0.037000000073264046,1.2635078084965545,0.0,0.0,0.0,0.0,0.0,0.0,0.22216401032299304,0.5258197784423828,publication,0.6325995922088623,5.347032308578491,0.7602835571186958,0.8573323915558194,200,1.046252442170721,3.2773327194154263,0.024221412037150003,0.760283557118696,0.8573324059974402,209.60899284362793,mobile,0.018093570627247244,0.028296660298288093,10.480449491876023,10.480449491876023,system,0.0003257450243262952,31,0.8573324059974402,0.07582457032314299,meta_train_support,0,MARGO-SPLIT-v1,20,20,80,3,32,0.0,0.2,20,10,0.0005,0.0005,mrlco_first_order_mean_pseudogradient,fixed_literature_derived_defaults,0.0002709301837530398,1.3546509187653544e-05,0.0023653457276496138,0.00011826728638247852,0.0,0.0,2.0,0.0,0.016550140476174317,0.1359397491648067,0.008408246398146631,0.0,0.0,0.0,11.0,,,,,,,,,,,,,,,,,,,,,,,,,,,,,,,
0.052853643865145614,0.04975,0.9405,0.00975,0.0008088573813438416,0.20067742466926575,0.005896169097589639,0.03950000011051695,1.4690079078078269,0.0,0.0,0.0,0.0,0.0,0.0,0.18935691554627324,0.5125866532325745,publication,0.5839626789093018,4.461712598800659,0.7983112270535321,0.900119696861475,200,0.857808722656588,3.089737049303949,0.034526919247582555,0.798311227053532,0.9001197130046785,1240.9828117370605,mobile,0.012320622602692349,0.020652440157517674,62.049141117750324,62.049141117750324,system,0.00021343561180973156,32,0.9001197130046785,0.04808825462167828,meta_train_support,0,MARGO-SPLIT-v1,20,20,80,3,33,0.0,0.2,20,10,0.0005,0.0005,mrlco_first_order_mean_pseudogradient,fixed_literature_derived_defaults,0.0,0.0,0.001558686335281968,7.79343167640889e-05,0.00018412666465510562,9.206333232755076e-06,2.0,0.0,0.016550140476174317,0.13601768348157078,0.008417452731379386,0.0,0.0,0.0,11.0,,,,,,,,,,,,,,,,,,,,,,,,,,,,,,,
0.06699000476542569,0.0425,0.947,0.0105,-0.0005502596613951027,0.154287189245224,0.004005649977868113,0.03791666682809591,1.318007775147756,0.0,0.0,0.0,0.0,0.0,0.0,0.20732631279356462,0.5216637253761292,publication,0.6317160129547119,5.021620750427246,0.4883485949383592,0.5500317746439759,200,0.6188917208767397,1.703748570755124,0.021661588922142982,0.48834859493835925,0.5500317770522087,549.3891347408295,mobile,0.01068308521092909,0.02591942005836696,27.469457209286794,27.469457209286794,system,0.0003821279926830972,33,0.5500317770522087,0.04826569569272264,meta_train_support,0,MARGO-SPLIT-v1,20,20,80,3,34,0.0,0.2,20,10,0.0005,0.0005,mrlco_first_order_mean_pseudogradient,fixed_literature_derived_defaults,0.0,0.0,0.0027745441862753756,0.00013872720931376592,0.0005632249921626685,2.816124960813328e-05,2.0,0.0,0.016550140476174317,0.13615641069088455,0.00844561398098752,0.0,0.0,0.0,11.0,,,,,,,,,,,,,,,,,,,,,,,,,,,,,,,
0.05923974492655831,0.0435,0.9475,0.009,-0.0020138591062277555,0.4810841381549835,0.004470027980035715,0.03716666689142585,1.832667544484138,0.0,0.0,0.0,0.0,0.0,0.0,0.20179683755063058,0.5868715047836304,publication,0.6110906600952148,5.68739652633667,0.6744559423694559,0.7593033837767984,200,1.0954642093821638,3.227482612244785,0.01649696083040908,0.674455942369456,0.7593033814243972,257.8066406917572,mobile,0.008392008438841211,0.02281560126564665,12.890332217422227,12.890332217422227,system,9.307960521647273e-05,34,0.7593033814243972,0.05244543845910672,meta_train_support,0,MARGO-SPLIT-v1,20,20,80,3,35,0.0,0.2,20,10,0.0005,0.0005,mrlco_first_order_mean_pseudogradient,fixed_literature_derived_defaults,0.0,0.0,0.0006836226421082078,3.418113210540419e-05,0.0,0.0,1.0,0.0,0.016550140476174317,0.13619059182298995,0.00844561398098752,0.0,0.0,0.0,11.0,,,,,,,,,,,,,,,,,,,,,,,,,,,,,,,
0.0518834688392538,0.046,0.9445,0.0095,-0.00026247886125929654,0.3337007164955139,0.0046992614957465165,0.0389166666350017,1.771557701627413,0.0,0.0,0.0,0.0,0.0,0.0,0.1928713249280332,0.6304752230644226,publication,0.6327376365661621,5.140674114227295,0.7896419435501731,0.8879327694603808,200,0.9266126288437445,2.6771281976252794,0.02878430408600252,0.7896419435501733,0.8879327727481723,431.53901076316833,mobile,0.01275879806268947,0.023617253070006953,21.576949029581627,21.576949029581627,system,0.0005240603558790596,35,0.8879327727481723,0.04509276928671761,meta_train_support,0,MARGO-SPLIT-v1,20,20,80,3,36,0.0,0.2,20,10,0.0005,0.0005,mrlco_first_order_mean_pseudogradient,fixed_literature_derived_defaults,0.0005387462047383194,2.69373102369172e-05,0.003754407560795145,0.0001877203780397685,0.00045337649445684165,2.2668824722842096e-05,3.0,0.0,0.016577077786411234,0.13637831220102972,0.008468282805710362,0.0,0.0,0.0,11.0,,,,,,,,,,,,,,,,,,,,,,,,,,,,,,,
0.07247524030678773,0.03375,0.95825,0.008,-0.003940961789339781,0.20560653507709503,0.004264083906794744,0.028333333414047958,1.6197795947392783,0.0,0.0,0.0,0.0,0.0,0.0,0.18210577502421474,0.7235174179077148,publication,0.6238765716552734,5.519742250442505,0.5176197469597761,0.5814300653575992,200,1.0482397929382279,3.456563984043896,-0.06549057317897677,0.517619746959776,0.581430064374581,95.92777507781983,mobile,0.009341000750115163,0.017423578208238148,4.796388803208163,4.796388803208163,system,0.00041434835217148304,36,0.581430064374581,0.06707040610047552,meta_train_support,0,MARGO-SPLIT-v1,20,20,80,3,37,0.0,0.2,20,10,0.0005,0.0005,mrlco_first_order_mean_pseudogradient,fixed_literature_derived_defaults,0.00015951620021025458,7.975810010513867e-06,0.003004594957947949,0.00015022974789738464,0.00022937950282315392,1.1468975141157647e-05,3.0,0.0,0.016585053596421748,0.1365285419489271,0.00847975178085152,0.0,0.0,0.0,11.0,,,,,,,,,,,,,,,,,,,,,,,,,,,,,,,
0.06474545846477497,0.02775,0.965,0.00725,-0.0025845086202025414,0.08245385438203812,0.0031608221785669834,0.017833333214124038,1.6263200173775352,0.0,0.0,0.0,0.0,0.0,0.0,0.13844999104487354,0.800484299659729,publication,0.5827035903930664,3.285184621810913,0.6103763314988462,0.6871687440101596,200,0.4707222744124324,1.501330784521997,0.05073504912434146,0.6103763314988462,0.6871687532961368,624.5808864593506,mobile,0.0067676865841560015,0.023178720424667336,31.22904783791786,31.22904783791786,system,1.2117327367868598e-05,37,0.6871687532961368,0.0481091489665054,meta_train_support,0,MARGO-SPLIT-v1,20,20,80,3,38,0.0,0.2,20,10,0.0005,0.0005,mrlco_first_order_mean_pseudogradient,fixed_literature_derived_defaults,0.0,0.0,8.875307093224122e-05,4.43765354660175e-06,0.0,0.0,1.0,0.0,0.016585053596421748,0.1365329796024737,0.00847975178085152,0.0,0.0,0.0,11.0,,,,,,,,,,,,,,,,,,,,,,,,,,,,,,,
0.0519841543099968,0.027,0.968,0.005,-0.0016233528731390834,0.27593180537223816,0.0031510117388582628,0.019333333366860946,1.7289882520834605,0.0,0.0,0.0,0.0,0.0,0.0,0.15422063216781703,0.8684331774711609,publication,0.6019258499145508,5.4721457958221436,0.7412992404571216,0.8334842212129661,200,0.9168881497655963,2.34859526832588,0.025441115372814238,0.7412992404571217,0.8334841824881732,228.59708873748778,mobile,0.007155515467116033,0.023795481129877595,11.429854592271061,11.429854592271061,system,0.0002672898295869039,38,0.8334841824881732,0.04996534775027611,meta_train_support,0,MARGO-SPLIT-v1,20,20,80,3,39,0.0,0.2,20,10,0.0005,0.0005,mrlco_first_order_mean_pseudogradient,fixed_literature_derived_defaults,0.00022281462241075106,1.1140731120538871e-05,0.0019215610242392133,9.607805121195079e-05,0.0001459930711167342,7.299653555836727e-06,3.0,0.0,0.016596194327542287,0.13662905765368566,0.008487051434407356,0.0,0.0,0.0,11.0,,,,,,,,,,,,,,,,,,,,,,,,,,,,,,,
0.04670785690549766,0.0215,0.9735,0.005,-0.002312195021659136,0.050771769136190414,0.0019149420685910929,0.009583333289871612,1.3646540691455207,0.0,0.0,0.0,0.0,0.0,0.0,0.13568080740311736,0.9511016011238098,publication,0.5961744785308838,4.865431547164917,0.4404083770982019,0.49550140138335336,200,0.5790192754840735,1.5485849077813327,-0.10798676137346774,0.44040837709820196,0.4955014153150842,879.8203852272034,mobile,0.015330521429937637,0.0326554010431305,43.991017305513516,43.991017305513516,system,5.777926343717975e-06,39,0.4955014153150842,0.05470752277834107,meta_train_support,0,MARGO-SPLIT-v1,20,20,80,3,40,0.0,0.2,20,10,0.0005,0.0005,mrlco_first_order_mean_pseudogradient,fixed_literature_derived_defaults,0.0,0.0,4.2289147293713414e-05,2.1144573646991738e-06,0.0,0.0,1.0,0.0,0.016596194327542287,0.13663117211105036,0.008487051434407356,0.0,0.0,0.0,11.0,,,,,,,,,,,,,,,,,,,,,,,,,,,,,,,
0.047670892004948826,0.01825,0.97625,0.0055,-0.0012560300529003143,0.17086710035800934,0.003654782932668847,0.011416666628792883,1.762382936477661,0.0,0.0,0.0,0.0,0.0,0.0,0.11999800992139677,0.9374305605888367,publication,0.6544413566589355,5.389928817749023,0.7567599517421894,0.8552866757107677,200,0.8859176704155253,2.788016212871298,-0.08877398632466793,0.7567599517421895,0.8552866931818426,573.2870436859131,mobile,0.010025857768218814,0.03205685559610037,28.66435269930207,28.66435269930207,system,2.0201260248934814e-05,40,0.8552866931818426,0.046749583241474296,meta_train_support,0,MARGO-SPLIT-v1,20,20,80,3,41,0.0,0.2,20,10,0.0005,0.0005,mrlco_first_order_mean_pseudogradient,fixed_literature_derived_defaults,0.0,0.0,0.0001478524990806325,7.3926249540279265e-06,0.0,0.0,1.0,0.0,0.016596194327542287,0.1366385647360044,0.008487051434407356,0.0,0.0,0.0,11.0,,,,,,,,,,,,,,,,,,,,,,,,,,,,,,,
0.04182917473136313,0.0175,0.9765,0.006,-0.0006020789733156562,0.22455546259880066,0.002295147818222176,0.011333333312844238,1.4558209384481111,0.0,0.0,0.0,0.0,0.0,0.0,0.12326587364081186,0.8126649856567383,publication,0.60843825340271,5.167498588562012,0.4914674437822397,0.5520346068715889,200,0.7001684824898537,2.481234161183238,-0.004155615126364864,0.4914674437822398,0.5520345958415419,1089.4160012054444,mobile,0.008400787976981095,0.04844084202054422,54.470801542407806,54.470801542407806,system,2.4062758717340254e-09,41,0.5520345958415419,0.035689744286110665,meta_train_support,0,MARGO-SPLIT-v1,20,20,80,3,42,0.0,0.2,20,10,0.0005,0.0005,mrlco_first_order_mean_pseudogradient,fixed_literature_derived_defaults,0.0,0.0,0.0,0.0,2.8352318709637393e-07,1.4176159354034601e-08,1.0,0.0,0.016596194327542287,0.1366385647360044,0.00848706561056671,0.0,0.0,0.0,11.0,,,,,,,,,,,,,,,,,,,,,,,,,,,,,,,
0.06415473199219292,0.01375,0.9825,0.00375,-0.0007875089067965746,0.23311708867549896,0.003669850115109814,0.010166666625688475,1.996300671994686,0.0,0.0,0.0,0.0,0.0,0.0,0.09790267770517096,0.755427360534668,publication,0.5539793968200684,4.67975926399231,0.8737510698033573,0.9833282585411507,200,0.7822914199808225,2.089854469639249,0.031409136099682655,0.8737510698033573,0.9833282537944615,273.2960068130493,mobile,0.00405080607061964,0.007034654717743024,13.66480104063413,13.66480104063413,system,0.0003745032502106416,42,0.9833282537944615,0.053270211361070574,meta_train_support,0,MARGO-SPLIT-v1,20,20,80,3,43,0.0,0.2,20,10,0.0005,0.0005,mrlco_first_order_mean_pseudogradient,fixed_literature_derived_defaults,0.0,0.0,0.0027402250346846503,0.000137011251734237,9.760077447737229e-06,4.880038723866637e-07,2.0,0.0,0.016596194327542287,0.13677557598773862,0.008487553614439097,0.0,0.0,0.0,11.0,,,,,,,,,,,,,,,,,,,,,,,,,,,,,,,
0.04508639935981416,0.013,0.9825,0.0045,-0.0020506575237959623,0.18768742680549622,0.002465867547713666,0.008916666622584064,1.8599542722105984,0.0,0.0,0.0,0.0,0.0,0.0,0.11159646007546867,0.7113665342330933,publication,0.6244935989379883,4.797659397125244,0.593349446605671,0.6673094540526654,200,0.7521037496986259,2.5571015058085322,-0.007272268063388765,0.5933494466056711,0.6673094786051661,666.8561105537415,mobile,0.004008796131274893,0.011892941738832945,33.3428049536112,33.3428049536112,system,0.0,43,0.6673094786051661,0.03463945051920691,meta_train_support,0,MARGO-SPLIT-v1,20,20,80,3,44,0.0,0.2,20,10,0.0005,0.0005,mrlco_first_order_mean_pseudogradient,fixed_literature_derived_defaults,0.0,0.0,0.0,0.0,0.0,0.0,0.0,0.0,0.016596194327542287,0.13677557598773862,0.008487553614439097,0.0,0.0,0.0,11.0,,,,,,,,,,,,,,,,,,,,,,,,,,,,,,,
0.061538784739639515,0.0155,0.98175,0.00275,-0.0008734144503250718,0.07490845024585724,0.0014708217117079887,0.01008333321660757,1.755405556658904,0.0,0.0,0.0,0.0,0.0,0.0,0.0974977327209607,0.7074573040008545,publication,0.5600936412811279,4.442381858825684,0.42221838273298945,0.4746790688081092,200,0.5931836030552713,2.040694670751691,0.025772507389774546,0.4222183827329894,0.47467906622216105,357.33511342048644,mobile,0.004667753481211151,0.02316192082722569,17.866755180846937,17.866755180846937,system,0.0002602961405055454,44,0.47467906622216105,0.05208045378709423,meta_train_support,0,MARGO-SPLIT-v1,20,20,80,3,45,0.0,0.2,20,10,0.0005,0.0005,mrlco_first_order_mean_pseudogradient,fixed_literature_derived_defaults,0.00035084606508478514,1.7542303254240027e-05,0.001860518072708809,9.302590363544083e-05,0.0,0.0,2.0,0.0,0.016613736630796527,0.13686860189137406,0.008487553614439097,0.0,0.0,0.0,11.0,,,,,,,,,,,,,,,,,,,,,,,,,,,,,,,
0.08978325852832932,0.0095,0.9875,0.003,-0.0007679123664274812,0.41154903173446655,0.0022858434098452563,0.006916666620721419,2.3452613582213715,0.0,0.0,0.0,0.0,0.0,0.0,0.0792733446188184,0.6611600518226624,publication,0.6316332817077637,5.483340740203857,0.8462099442078121,0.952534426614875,200,1.1107993760443133,2.9712537322193384,-0.10122106864582747,0.8462099442078121,0.9525344140548259,159.88831919670105,mobile,0.007730567167260287,0.015761747106160424,7.994415908967548,7.994415908967548,system,1.2462067911326697e-06,45,0.9525344140548259,0.06803066986889625,meta_train_support,0,MARGO-SPLIT-v1,20,20,80,3,46,0.0,0.2,20,10,0.0005,0.0005,mrlco_first_order_mean_pseudogradient,fixed_literature_derived_defaults,0.0,0.0,9.10513276172517e-06,4.5525663808221317e-07,0.0,0.0,1.0,0.0,0.016613736630796527,0.13686905714801215,0.008487553614439097,0.0,0.0,0.0,11.0,,,,,,,,,,,,,,,,,,,,,,,,,,,,,,,
0.06775376404181811,0.01375,0.9825,0.00375,-0.0004886664100922644,0.12866738438606262,0.002499405533126264,0.00958333327434957,1.737020434935888,0.0,0.0,0.0,0.0,0.0,0.0,0.10140250545724312,0.6535826325416565,publication,0.623788595199585,5.580508470535278,0.45848072977488896,0.5154800278939377,200,0.8900448319167236,2.3503476665355265,0.0099635113729164,0.458480729774889,0.5154799960134551,141.06575808525085,mobile,0.00547882242194441,0.017756454552637378,7.053287987103048,7.053287987103048,system,0.00018686922432395952,46,0.5154799960134551,0.05927458922162891,meta_train_support,0,MARGO-SPLIT-v1,20,20,80,3,47,0.0,0.2,20,10,0.0005,0.0005,mrlco_first_order_mean_pseudogradient,fixed_literature_derived_defaults,2.1253417872818535e-06,1.0626708936423146e-07,0.0013650559034187712,6.825279517094773e-05,0.0,0.0,2.0,0.0,0.01661384289788589,0.1369373099431831,0.008487553614439097,0.0,0.0,0.0,11.0,,,,,,,,,,,,,,,,,,,,,,,,,,,,,,,
0.045443453245631,0.00925,0.9875,0.00325,-0.0012349619064480066,0.1492050588130951,0.0019768471201587093,0.0061666666219631835,2.0753469963868456,0.0,0.0,0.0,0.0,0.0,0.0,0.07369337643202725,0.5689321160316467,publication,0.6150023937225342,3.2690494060516357,0.7506870175105144,0.8431060431231162,200,0.6934544903102692,2.2351004062220454,0.05707565002376214,0.7506870175105143,0.8431060394644737,820.9381938743592,mobile,0.001577595295820959,0.060922348197741144,41.04691131823676,41.04691131823676,system,0.0,47,0.8431060394644737,0.03621994217060411,meta_train_support,0,MARGO-SPLIT-v1,20,20,80,3,48,0.0,0.2,20,10,0.0005,0.0005,mrlco_first_order_mean_pseudogradient,fixed_literature_derived_defaults,0.0,0.0,0.0,0.0,0.0,0.0,0.0,0.0,0.01661384289788589,0.1369373099431831,0.008487553614439097,0.0,0.0,0.0,11.0,,,,,,,,,,,,,,,,,,,,,,,,,,,,,,,
0.053489002020622435,0.01125,0.9855,0.00325,-0.000852770812343806,0.2571374177932739,0.0019039520285559774,0.006333333207294345,2.058190590639909,0.0,0.0,0.0,0.0,0.0,0.0,0.08466328630909523,0.6351377964019775,publication,0.621694803237915,4.774028301239014,0.5864008805798981,0.6603148408290145,200,1.0699180767082523,3.7144023748114705,-0.008541433431673795,0.586400880579898,0.6603148461226374,629.8881278038025,mobile,0.0038141989607875814,0.01762579450619512,31.494404851532284,31.494404851532284,system,0.00019466379542143128,48,0.6603148461226374,0.04889086494947902,meta_train_support,0,MARGO-SPLIT-v1,20,20,80,3,49,0.0,0.2,20,10,0.0005,0.0005,mrlco_first_order_mean_pseudogradient,fixed_literature_derived_defaults,2.1842187582813837e-05,1.0921093791423087e-06,0.0014189041162631427,7.0945205813161e-05,0.0,0.0,2.0,0.0,0.016614935007265033,0.13700825514899626,0.008487553614439097,0.0,0.0,0.0,11.0,,,,,,,,,,,,,,,,,,,,,,,,,,,,,,,
0.07041903203712876,0.0125,0.98325,0.00425,-0.0003080653550568968,0.39666393399238586,0.0029315137545988064,0.00941666659588615,2.321433823804061,0.0,0.0,0.0,0.0,0.0,0.0,0.08491226818187086,0.6990265250205994,publication,0.6102466583251953,3.372222661972046,1.0172522016458385,1.1462792481157476,200,1.1304008935845073,3.250425051897764,0.015434267795171763,1.0172522016458385,1.1462792375823483,238.15594118118287,mobile,0.0017921030764147892,0.006705692245873957,11.907797433413908,11.907797433413908,system,1.0059205196487031e-05,49,1.1462792375823483,0.053376924275207606,meta_train_support,0,MARGO-SPLIT-v1,20,20,80,3,50,0.0,0.2,20,10,0.0005,0.0005,mrlco_first_order_mean_pseudogradient,fixed_literature_derived_defaults,0.0,0.0,7.342043138603337e-05,3.671021569312538e-06,0.0,0.0,1.0,0.0,0.016614935007265033,0.13701192617056557,0.008487553614439097,0.0,0.0,0.0,11.0,,,,,,,,,,,,,,,,,,,,,,,,,,,,,,,
0.049531301477798315,0.0085,0.9875,0.004,-0.0004733341047540307,0.2274189442396164,0.0018627964709594384,0.006416666569809118,2.058673993249734,0.0,0.0,0.0,0.0,0.0,0.0,0.07576202855136183,0.8647299408912659,publication,0.6505351066589355,5.240194797515869,0.9414820724058808,1.0581174698771791,200,0.9364325908997623,2.3640058708842844,0.03355258278315887,0.941482072405881,1.0581174713000656,851.8883646965027,mobile,0.0033090234196962347,0.01303962068584761,42.594417691862766,42.594417691862766,system,0.0011644613488263733,50,1.0581174713000656,0.0455811319833267,meta_train_support,0,MARGO-SPLIT-v1,20,20,80,3,51,0.0,0.2,20,10,0.0005,0.0005,mrlco_first_order_mean_pseudogradient,fixed_literature_derived_defaults,0.0019486935620221604,9.743467810110693e-05,0.00826266708005384,0.00041313335400269824,0.0,0.0,2.0,0.0,0.01671236968536614,0.13742505952456827,0.008487553614439097,0.0,0.0,0.0,11.0,-0.03073365160181161,-0.04284456638741021,0.04284456638741021,0.03073365160181161,40.0,40.0,0.025,0.05,0.0,0.015,0.0,0.008823529411764706,6.0,400.0,280.0,6.0,0.0,0.975,0.975,0.0,4.0,0.0,1.0,11.0,48.0,validation/automotive_lexicographic_v1,automotive_lexicographic_v1,a3bd00d5108237acdb706f561212b5d840bac151f48b5250a61c573d9c9ffb6c,116474783.0,0.04284456638741021,1.0
0.062359929717343124,0.005,0.992,0.003,-0.0013395351124927402,0.12411438673734665,0.0014141366856771735,0.004583333308498064,2.417572949330012,0.0,0.0,0.0,0.0,0.0,0.0,0.053502732780666334,1.114364743232727,publication,0.6268527507781982,4.929562568664551,0.940658799573178,1.0603606558283354,200,0.6850677222475156,2.006300427019596,0.03933926155150402,0.940658799573178,1.060360651090741,1103.907293586731,mobile,0.0016406180161927337,0.02563421264395578,55.195366544403754,55.195366544403754,system,0.00014465121396535271,51,1.060360651090741,0.048621624037167833,meta_train_support,0,MARGO-SPLIT-v1,20,20,80,3,52,0.0,0.2,20,10,0.0005,0.0005,mrlco_first_order_mean_pseudogradient,fixed_literature_derived_defaults,0.0,0.0,0.0010525825090837424,5.262912545417331e-05,0.0,0.0,1.0,0.0,0.01671236968536614,0.13747768865002244,0.008487553614439097,0.0,0.0,0.0,11.0,,,,,,,,,,,,,,,,,,,,,,,,,,,,,,,
0.07996932002853521,0.009,0.989,0.002,-0.0009856988908722997,0.24887792766094208,0.0009514980760741311,0.0037499999782691406,2.3757635742425918,0.0,0.0,0.0,0.0,0.0,0.0,0.06667368480182775,1.2820796966552734,publication,0.6077852249145508,4.99081015586853,1.0283305555013245,1.1567707078214517,200,1.105540102593818,3.335527801886201,0.05938130390131846,1.0283305555013242,1.1567707185260951,167.93928644180298,mobile,0.0032453507348393566,0.008729386437526965,8.396964156048789,8.396964156048789,system,0.0004869607554879133,52,1.1567707185260951,0.06462549485269808,meta_train_support,0,MARGO-SPLIT-v1,20,20,80,3,53,0.0,0.2,20,10,0.0005,0.0005,mrlco_first_order_mean_pseudogradient,fixed_literature_derived_defaults,0.0006274899610975317,3.13744980548758e-05,0.003465827189582429,0.000173291359479133,0.0,0.0,2.0,0.0,0.016743744183421016,0.13765098000950157,0.008487553614439097,0.0,0.0,0.0,11.0,,,,,,,,,,,,,,,,,,,,,,,,,,,,,,,
0.07023108998911969,0.00725,0.9875,0.00525,-0.0006616426398977637,0.13106046617031097,0.0020147280855477828,0.0069166666517655045,2.724260944624741,0.0,0.0,0.0,0.0,0.0,0.0,0.06505263205967471,1.4004086256027222,publication,0.6005606651306152,4.780867099761963,0.8800885724574087,0.989316683084653,200,0.6955024314259743,2.191190638113767,0.04723093775101006,0.8800885724574087,0.9893167073465884,409.0740625667572,mobile,0.0015268785245093936,0.027316344499610238,20.4537024149601,20.4537024149601,system,0.0,53,0.9893167073465884,0.05042586433900457,meta_train_support,0,MARGO-SPLIT-v1,20,20,80,3,54,0.0,0.2,20,10,0.0005,0.0005,mrlco_first_order_mean_pseudogradient,fixed_literature_derived_defaults,0.0,0.0,0.0,0.0,0.0,0.0,0.0,0.0,0.016743744183421016,0.13765098000950157,0.008487553614439097,0.0,0.0,0.0,11.0,,,,,,,,,,,,,,,,,,,,,,,,,,,,,,,
0.06962403665699837,0.009,0.98775,0.00325,-0.00054195272969082,0.06950149685144424,0.0017725240122672403,0.00441666659899056,1.8324111893773076,0.0,0.0,0.0,0.0,0.0,0.0,0.07268649330431141,1.3848059177398682,publication,0.5786199569702148,3.360387086868286,0.5475673150923951,0.616779764344683,200,0.6990277582514393,2.3975310008972883,0.07035811641253531,0.5475673150923952,0.6167798180133104,699.3073683357238,mobile,0.004584373241911427,0.0399047339246393,34.965369149302965,34.965369149302965,system,0.0007358993973820596,54,0.6167798180133104,0.05502509312098597,meta_train_support,0,MARGO-SPLIT-v1,20,20,80,3,55,0.0,0.2,20,10,0.0005,0.0005,mrlco_first_order_mean_pseudogradient,fixed_literature_derived_defaults,0.001074700245906745,5.373501229533756e-05,0.005215399783867742,0.0002607699891933879,0.0,0.0,2.0,0.0,0.016797479195716353,0.13791174999869496,0.008487553614439097,0.0,0.0,0.0,11.0,,,,,,,,,,,,,,,,,,,,,,,,,,,,,,,
0.05898011340588525,0.0095,0.9875,0.003,-0.0011804423993453383,0.10516204684972763,0.000850962653521492,0.004583333277453978,2.2741721828778587,0.0,0.0,0.0,0.0,0.0,0.0,0.07226252360591252,1.2317219972610474,publication,0.6314945220947266,4.809734344482422,0.6812429365533302,0.7661917451507907,200,0.7119977701214005,1.85473601706326,0.0143498569377698,0.6812429365533302,0.7661917468532919,465.75405498504637,mobile,0.0028737567460622943,0.02100038963572748,23.28770138915102,23.28770138915102,system,0.000174244655208575,55,0.7661917468532919,0.047305334394721336,meta_train_support,0,MARGO-SPLIT-v1,20,20,80,3,56,0.0,0.2,20,10,0.0005,0.0005,mrlco_first_order_mean_pseudogradient,fixed_literature_derived_defaults,3.191933490996946e-05,1.595966745499694e-06,0.0012595626612389988,6.297813306194167e-05,0.0,0.0,2.0,0.0,0.016799075162461853,0.1379747281317569,0.008487553614439097,0.0,0.0,0.0,11.0,,,,,,,,,,,,,,,,,,,,,,,,,,,,,,,
0.07574712925465527,0.01325,0.98175,0.005,-0.000303578854072839,0.11993196606636047,0.0019228402418472496,0.008499999903142453,2.0864867766698203,0.0,0.0,0.0,0.0,0.0,0.0,0.07544743532694129,1.038547158241272,publication,0.5941402912139893,5.2743613719940186,0.6521207835051718,0.7342372146190974,200,0.8555426529360058,2.942923439666629,0.052502386664855294,0.6521207835051717,0.7342372492142022,348.5563337421417,mobile,0.002865904764190192,0.005711740933065468,17.427817335510134,17.427817335510134,system,0.0,56,0.7342372492142022,0.060614824173825126,meta_train_support,0,MARGO-SPLIT-v1,20,20,80,3,57,0.0,0.2,20,10,0.0005,0.0005,mrlco_first_order_mean_pseudogradient,fixed_literature_derived_defaults,0.0,0.0,0.0,0.0,0.0,0.0,0.0,0.0,0.016799075162461853,0.1379747281317569,0.008487553614439097,0.0,0.0,0.0,11.0,,,,,,,,,,,,,,,,,,,,,,,,,,,,,,,
0.07713408001782067,0.0095,0.986,0.0045,-0.0004520832735579461,0.19115863740444183,0.0021564102220205912,0.005499999954675635,2.3378948658704757,0.0,0.0,0.0,0.0,0.0,0.0,0.0645128743760797,0.8186285495758057,publication,0.6675856113433838,5.206867218017578,0.7996099223340667,0.9015561888497905,200,0.8566582816035012,2.3018889194354415,0.01448872932814993,0.7996099223340669,0.9015561926225201,310.2600355243683,mobile,0.0024532379776063223,0.012459523602351879,15.513002254289434,15.513002254289434,system,0.0,57,0.9015561926225201,0.061381247547173674,meta_train_support,0,MARGO-SPLIT-v1,20,20,80,3,58,0.0,0.2,20,10,0.0005,0.0005,mrlco_first_order_mean_pseudogradient,fixed_literature_derived_defaults,0.0,0.0,0.0,0.0,0.0,0.0,0.0,0.0,0.016799075162461853,0.1379747281317569,0.008487553614439097,0.0,0.0,0.0,11.0,,,,,,,,,,,,,,,,,,,,,,,,,,,,,,,
0.07039257040460592,0.00525,0.9935,0.00125,-0.0009742418769747019,0.20326989889144897,0.0006748518822026502,0.0030833333109815913,2.248634548733632,0.0,0.0,0.0,0.0,0.0,0.0,0.06288101012635894,0.664784848690033,publication,0.5548036098480225,4.816972970962524,0.7781202441848961,0.8750044699600857,200,0.6864498882305242,1.9648806611075997,0.016721360618248582,0.7781202441848961,0.8750044544041157,371.59091094970705,mobile,0.002954277198708242,0.023550866755267477,18.579545827326957,18.579545827326957,system,0.0006465211867490364,58,0.8750044544041157,0.05216835455180652,meta_train_support,0,MARGO-SPLIT-v1,20,20,80,3,59,0.0,0.2,20,10,0.0005,0.0005,mrlco_first_order_mean_pseudogradient,fixed_literature_derived_defaults,0.0003322441897716728,1.6612209488581914e-05,0.004645341942770237,0.0002322670971384999,0.0,0.0,2.0,0.0,0.016815687371950435,0.1382069952288954,0.008487553614439097,0.0,0.0,0.0,11.0,,,,,,,,,,,,,,,,,,,,,,,,,,,,,,,
0.06439542485434417,0.00975,0.987,0.00325,-0.0008021778776310384,0.05845991149544716,0.0034281156103437146,0.008249999939774473,1.8182314415772756,0.0,0.0,0.0,0.0,0.0,0.0,0.07609110486300903,0.6660982370376587,publication,0.6589436531066895,4.878977298736572,0.5022012445203843,0.5643503235301615,200,0.6036521466849107,2.0530531499534845,-0.35694110579788685,0.5022012445203844,0.5643503244221211,402.2264554309845,mobile,0.004540525793594468,0.013205836264348188,20.111323164250383,20.111323164250383,system,0.0008672604897888461,59,0.5643503244221211,0.05841525202670974,meta_train_support,0,MARGO-SPLIT-v1,20,20,80,3,60,0.0,0.2,20,10,0.0005,0.0005,mrlco_first_order_mean_pseudogradient,fixed_literature_derived_defaults,0.0017981761380436304,8.990880690218014e-05,0.006056299253344915,0.00030281496266723607,0.0,0.0,2.0,0.0,0.016905596178852615,0.13850981019156264,0.008487553614439097,0.0,0.0,0.0,11.0,,,,,,,,,,,,,,,,,,,,,,,,,,,,,,,
0.05940563506107967,0.012,0.9835,0.0045,-4.88783662149217e-05,0.23591893911361694,0.002498665772501833,0.008916666622584066,2.1091507606208326,0.0,0.0,0.0,0.0,0.0,0.0,0.0833180513125187,0.6796073913574219,publication,0.6628801822662354,5.364169597625732,0.8744426399733655,0.9845751943242067,200,0.9195296678720355,3.049593085423112,0.03934776270762086,0.8744426399733655,0.9845752366632223,344.6406506538391,mobile,0.002235537319986385,0.013037554722956255,17.23203230159019,17.23203230159019,system,0.00033739507978938836,60,0.9845752366632223,0.04376003621003588,meta_train_support,0,MARGO-SPLIT-v1,20,20,80,3,61,0.0,0.2,20,10,0.0005,0.0005,mrlco_first_order_mean_pseudogradient,fixed_literature_derived_defaults,0.0006289997697638801,3.144998848819344e-05,0.002359121445861845,0.00011795607229309057,0.0,0.0,2.0,0.0,0.01693704616734081,0.13862776626385573,0.008487553614439097,0.0,0.0,0.0,11.0,,,,,,,,,,,,,,,,,,,,,,,,,,,,,,,
0.06220717238031622,0.0085,0.9875,0.004,-0.0010793093824759126,0.06709089130163193,0.0014178256581847868,0.0070833332370966685,1.7140515555938083,0.0,0.0,0.0,0.0,0.0,0.0,0.08339971100861368,0.8277438282966614,publication,0.6402769088745117,4.326868057250977,0.7208995754142794,0.8099341159829965,200,0.6737922931813161,1.6847638878971338,0.03189940230367938,0.7208995754142793,0.8099341094866395,392.4352824401856,mobile,0.0034051833114397963,0.011615279002363485,19.621764120740735,19.621764120740735,system,0.00015364293918530803,61,0.8099341094866395,0.04873614895535933,meta_train_support,0,MARGO-SPLIT-v1,20,20,80,3,62,0.0,0.2,20,10,0.0005,0.0005,mrlco_first_order_mean_pseudogradient,fixed_literature_derived_defaults,0.0,0.0,0.0011083128822322172,5.541564411160049e-05,0.0,0.0,1.0,0.0,0.01693704616734081,0.13868318190796733,0.008487553614439097,0.0,0.0,0.0,11.0,,,,,,,,,,,,,,,,,,,,,,,,,,,,,,,
0.06659563428395324,0.01375,0.981,0.00525,-0.0004838733293581754,0.1846177726984024,0.002718432857636799,0.008833333384245636,1.8470997651418049,0.0,0.0,0.0,0.0,0.0,0.0,0.09227760613880853,0.9793788194656372,publication,0.6033341884613037,5.162372589111328,0.8586367556045059,0.9645095350345764,200,0.8876477920054041,2.3743243850767612,0.0356972365261754,0.858636755604506,0.9645095342025161,226.14579833984374,mobile,0.0026123685147473852,0.008789383145053504,11.307289908262527,11.307289908262527,system,0.0006431305084507871,62,0.9645095342025161,0.04947941765669226,meta_train_support,0,MARGO-SPLIT-v1,20,20,80,3,63,0.0,0.2,20,10,0.0005,0.0005,mrlco_first_order_mean_pseudogradient,fixed_literature_derived_defaults,0.000800449352052334,4.002246760261702e-05,0.004539651110963511,0.00022698255554817748,0.0,0.0,2.0,0.0,0.016977068634943426,0.1389101644635155,0.008487553614439097,0.0,0.0,0.0,11.0,,,,,,,,,,,,,,,,,,,,,,,,,,,,,,,
0.0851121880130397,0.0135,0.9825,0.004,-0.00016310876526404172,0.17388604581356049,0.001669210066999464,0.00700000001428028,2.2482370605071385,0.0,0.0,0.0,0.0,0.0,0.0,0.08429546493561005,1.166811227798462,publication,0.6330070495605469,5.288532972335815,0.9776109824609865,1.1033104833495417,200,0.9736797312214797,3.2539566978812218,0.01763850636780262,0.9776109824609864,1.1033104715589435,278.9232744216919,mobile,0.0042030209286346345,0.011061002493190454,13.946163916892333,13.946163916892333,system,0.00021438313273101028,63,1.1033104715589435,0.06918005774196033,meta_train_support,0,MARGO-SPLIT-v1,20,20,80,3,64,0.0,0.2,20,10,0.0005,0.0005,mrlco_first_order_mean_pseudogradient,fixed_literature_derived_defaults,0.0001339306325174637,6.696531625872276e-06,0.001526953653892981,7.63476826946552e-05,0.0,0.0,2.0,0.0,0.016983765166569298,0.13898651214621016,0.008487553614439097,0.0,0.0,0.0,11.0,,,,,,,,,,,,,,,,,,,,,,,,,,,,,,,
0.044225012846743746,0.01425,0.97975,0.006,-0.0016615558415651321,0.025796612724661827,0.0029191094152338335,0.00925000001055499,0.9731672721604507,0.0,0.0,0.0,0.0,0.0,0.0,0.1062434080190304,1.2591546773910522,publication,0.6425490379333496,5.38346791267395,0.44895604926830246,0.5052736468273724,200,0.4335652447462379,1.1815701815139619,0.011703379976097494,0.4489560492683025,0.5052736503910273,1209.909040966034,mobile,0.0040458226896950686,0.010267902457134749,60.495450571221085,60.495450571221085,system,0.0,64,0.5052736503910273,0.03844646895855775,meta_train_support,0,MARGO-SPLIT-v1,20,20,80,3,65,0.0,0.2,20,10,0.0005,0.0005,mrlco_first_order_mean_pseudogradient,fixed_literature_derived_defaults,0.0,0.0,0.0,0.0,0.0,0.0,0.0,0.0,0.016983765166569298,0.13898651214621016,0.008487553614439097,0.0,0.0,0.0,11.0,,,,,,,,,,,,,,,,,,,,,,,,,,,,,,,
0.06306361737085332,0.01275,0.98175,0.0055,-0.0007680040434934199,0.09545370936393738,0.0005030790498049478,0.006166666575397054,1.5407787476976713,0.0,0.0,0.0,0.0,0.0,0.0,0.09564006911121445,1.2362703084945679,publication,0.6038100719451904,5.091811656951904,0.788611154137891,0.8906731980692711,200,0.9811449771797782,2.486136375926435,0.029147721477784216,0.7886111541378907,0.890673193000257,749.4471680450439,mobile,0.00850648593748132,0.018487133177765368,37.47235847343036,37.47235847343036,system,0.0,65,0.890673193000257,0.04756423693735689,meta_train_support,0,MARGO-SPLIT-v1,20,20,80,3,66,0.0,0.2,20,10,0.0005,0.0005,mrlco_first_order_mean_pseudogradient,fixed_literature_derived_defaults,0.0,0.0,0.0,0.0,0.0,0.0,0.0,0.0,0.016983765166569298,0.13898651214621016,0.008487553614439097,0.0,0.0,0.0,11.0,,,,,,,,,,,,,,,,,,,,,,,,,,,,,,,
0.04742128944483949,0.023,0.9715,0.0055,-0.0006926560890860856,0.04036299139261246,0.0012521203296879928,0.010083333309739827,1.1728643467028936,0.0,0.0,0.0,0.0,0.0,0.0,0.1319092026855023,1.1863662004470825,publication,0.645331621170044,3.9835500717163086,0.34521615050339166,0.3870525389759041,200,0.5289644044773683,1.4275887422263622,0.01186018600128591,0.34521615050339166,0.3870525410864502,444.92260666847227,mobile,0.006456651645443733,0.030347650047078983,22.24612979515218,22.24612979515218,system,0.0,66,0.3870525410864502,0.04053801642921237,meta_train_support,0,MARGO-SPLIT-v1,20,20,80,3,67,0.0,0.2,20,10,0.0005,0.0005,mrlco_first_order_mean_pseudogradient,fixed_literature_derived_defaults,0.0,0.0,0.0,0.0,0.0,0.0,0.0,0.0,0.016983765166569298,0.13898651214621016,0.008487553614439097,0.0,0.0,0.0,11.0,,,,,,,,,,,,,,,,,,,,,,,,,,,,,,,
0.059141549103469304,0.00925,0.98625,0.0045,-0.0006428358028642833,0.21212460100650787,0.003051586679551595,0.007249999915560086,1.9483102733890216,0.0,0.0,0.0,0.0,0.0,0.0,0.07261168184888687,1.0747507810592651,publication,0.6167178153991699,3.815122604370117,0.9186878000889408,1.0324717749208503,200,0.727154799802581,2.236458126491925,0.021868966927286237,0.9186878000889411,1.0324717727210373,790.3652377700805,mobile,0.0026416938468868277,0.022079407297745966,39.51826329863374,39.51826329863374,system,0.0003289627449463157,67,1.0324717727210373,0.048712961186021475,meta_train_support,0,MARGO-SPLIT-v1,20,20,80,3,68,0.0,0.2,20,10,0.0005,0.0005,mrlco_first_order_mean_pseudogradient,fixed_literature_derived_defaults,0.00037572703685039775,1.87863518425202e-05,0.0023209553229623487,0.00011604776614812518,0.0,0.0,2.0,0.0,0.017002551518411818,0.1391025599123583,0.008487553614439097,0.0,0.0,0.0,11.0,,,,,,,,,,,,,,,,,,,,,,,,,,,,,,,
0.06331259045228935,0.018,0.9775,0.0045,-0.0004974679322913289,0.04485875368118286,0.0006179328726526971,0.004916666587814689,1.177488185465336,0.0,0.0,0.0,0.0,0.0,0.0,0.12170949930536622,0.9721627831459045,publication,0.6046311855316162,5.271157264709473,0.3851662478091832,0.43341043260650625,200,0.5776504534485426,1.5688301138579845,0.0028848060173913836,0.38516624780918324,0.43341045086970553,371.85258510589597,mobile,0.004764360465223386,0.01210672758549234,18.592629170893268,18.592629170893268,system,0.00016723538857878184,68,0.43341045086970553,0.0540692197588563,meta_train_support,0,MARGO-SPLIT-v1,20,20,80,3,69,0.0,0.2,20,10,0.0005,0.0005,mrlco_first_order_mean_pseudogradient,fixed_literature_derived_defaults,9.435541580432167e-05,4.717770790217679e-06,0.0011907121325796144,5.953560662896873e-05,0.0,0.0,2.0,0.0,0.017007269289202036,0.13916209551898726,0.008487553614439097,0.0,0.0,0.0,11.0,,,,,,,,,,,,,,,,,,,,,,,,,,,,,,,
0.07865393193273806,0.01075,0.9865,0.00275,-0.0004190805193502456,0.6654540300369263,0.0028494756865863257,0.006749999988824128,2.9546227167050043,0.0,0.0,0.0,0.0,0.0,0.0,0.06684027243718112,0.8736073970794678,publication,0.6262903213500977,4.928062915802002,1.2849646446238971,1.4477359188146874,200,1.2485997303267602,3.5470506828278303,0.009969709703000262,1.2849646446238974,1.4477359060384334,353.06757202148435,mobile,0.001584791575189391,0.009739247512559016,17.653378638041072,17.653378638041072,system,0.00015357923721950537,69,1.4477359060384334,0.052491945020697595,meta_train_support,0,MARGO-SPLIT-v1,20,20,80,3,70,0.0,0.2,20,10,0.0005,0.0005,mrlco_first_order_mean_pseudogradient,fixed_literature_derived_defaults,0.0,0.0,0.0010953914275861317,5.476957137931504e-05,0.0001345818589164547,6.72909294582337e-06,2.0,0.0,0.017007269289202036,0.13921686509036657,0.00849428270738492,0.0,0.0,0.0,11.0,,,,,,,,,,,,,,,,,,,,,,,,,,,,,,,
0.07544196446675915,0.01225,0.9835,0.00425,-0.0010222551645711064,0.13928374648094177,0.0031542105461388322,0.008749999897554516,1.9924807888766132,0.0,0.0,0.0,0.0,0.0,0.0,0.07750009962400123,0.8361204862594604,publication,0.6371464729309082,4.532284498214722,0.8496573550929285,0.9573440899955494,200,0.891477813031721,2.5652213123394176,0.03966503916308284,0.8496573550929284,0.9573440856300295,454.2965507698059,mobile,0.0019797828573082654,0.0032076520057448877,22.71482684076256,22.71482684076256,system,0.0,70,0.9573440856300295,0.05580623685515939,meta_train_support,0,MARGO-SPLIT-v1,20,20,80,3,71,0.0,0.2,20,10,0.0005,0.0005,mrlco_first_order_mean_pseudogradient,fixed_literature_derived_defaults,0.0,0.0,0.0,0.0,0.0,0.0,0.0,0.0,0.017007269289202036,0.13921686509036657,0.00849428270738492,0.0,0.0,0.0,11.0,,,,,,,,,,,,,,,,,,,,,,,,,,,,,,,
0.060751294202888495,0.01575,0.9805,0.00375,-0.0017207196215167642,0.030739018693566322,0.004603947938691514,0.011583333369344475,1.0050854034721852,0.0,0.0,0.0,0.0,0.0,0.0,0.11021516092555056,0.7828906774520874,publication,0.6408596038818359,4.457505702972412,0.27724222162843115,0.3113896964706146,200,0.4663521135193122,1.3947897420730442,0.016911105893086642,0.27724222162843115,0.31138969568535685,233.8497799682617,mobile,0.003094463255339511,0.006608781106420959,11.692489103582425,11.692489103582425,system,0.0,71,0.31138969568535685,0.049909883674698154,meta_train_support,0,MARGO-SPLIT-v1,20,20,80,3,72,0.0,0.2,20,10,0.0005,0.0005,mrlco_first_order_mean_pseudogradient,fixed_literature_derived_defaults,0.0,0.0,0.0,0.0,0.0,0.0,0.0,0.0,0.017007269289202036,0.13921686509036657,0.00849428270738492,0.0,0.0,0.0,11.0,,,,,,,,,,,,,,,,,,,,,,,,,,,,,,,
0.08320255484427351,0.00925,0.988,0.00275,-0.0007865765364840627,0.09691713005304337,0.002550840966099107,0.0073333333091189475,1.6801868823667363,0.0,0.0,0.0,0.0,0.0,0.0,0.07571528644694976,0.8661993741989136,publication,0.5811536312103271,5.215087413787842,0.5886460224653745,0.6622785380201822,200,0.7213176413643227,1.9851641291752458,-0.019317897967994213,0.5886460224653745,0.6622785461135209,125.05253723144531,mobile,0.001325596460579183,0.006820592634386379,6.252626870525378,6.252626870525378,system,0.00073790805600779,72,0.6622785461135209,0.06387250599498456,meta_train_support,0,MARGO-SPLIT-v1,20,20,80,3,73,0.0,0.2,20,10,0.0005,0.0005,mrlco_first_order_mean_pseudogradient,fixed_literature_derived_defaults,0.0012087198413620796,6.043599206810232e-05,0.005152759557578792,0.0002576379778789495,0.0,0.0,2.0,0.0,0.017067705281270138,0.13947450306824552,0.00849428270738492,0.0,0.0,0.0,11.0,,,,,,,,,,,,,,,,,,,,,,,,,,,,,,,
0.04059739751414805,0.013,0.98475,0.00225,-0.0005690595717169344,0.025771474465727806,0.0029518771343298054,0.008249999846642216,1.2287168355037767,0.0,0.0,0.0,0.0,0.0,0.0,0.07269017617377359,0.7297674417495728,publication,0.6196703910827637,5.131553411483765,0.24680851073539084,0.2761222829487633,200,0.2658408607394568,0.9650254078442231,0.026241562314680777,0.24680851073539087,0.2761222734116018,819.2207997512818,mobile,0.0024245029883210533,0.0029380034387124585,40.961036435015124,40.961036435015124,system,0.0,73,0.2761222734116018,0.032228070516279475,meta_train_support,0,MARGO-SPLIT-v1,20,20,80,3,74,0.0,0.2,20,10,0.0005,0.0005,mrlco_first_order_mean_pseudogradient,fixed_literature_derived_defaults,0.0,0.0,0.0,0.0,0.0,0.0,0.0,0.0,0.017067705281270138,0.13947450306824552,0.00849428270738492,0.0,0.0,0.0,11.0,,,,,,,,,,,,,,,,,,,,,,,,,,,,,,,
0.06776643218374298,0.00525,0.994,0.00075,-0.00035340976319275796,0.11858701705932617,0.0007939315753281069,0.002750000016142925,2.520144131779671,0.0,0.0,0.0,0.0,0.0,0.0,0.03281593481496684,1.0228240489959717,publication,0.6208386421203613,4.611041307449341,0.9898595503117985,1.118706778748756,200,0.8707143946001009,2.599121858831495,0.02315802196972072,0.9898595503117986,1.1187067477591335,519.3512692642212,mobile,0.002796557115268568,0.0042839912527302005,25.967561635045275,25.967561635045275,system,0.0,74,1.1187067477591335,0.05653820934391685,meta_train_support,0,MARGO-SPLIT-v1,20,20,80,3,75,0.0,0.2,20,10,0.0005,0.0005,mrlco_first_order_mean_pseudogradient,fixed_literature_derived_defaults,0.0,0.0,0.0,0.0,0.0,0.0,0.0,0.0,0.017067705281270138,0.13947450306824552,0.00849428270738492,0.0,0.0,0.0,11.0,,,,,,,,,,,,,,,,,,,,,,,,,,,,,,,
0.06237368400839301,0.003,0.9955,0.0015,-2.2472357159131207e-05,0.4003069996833801,0.00028144334350675606,0.002166666633759936,3.6667513539393743,0.0,0.0,0.0,0.0,0.0,0.0,0.023738471148849166,1.136196255683899,publication,0.6646804809570312,4.878790616989136,1.235407710514028,1.3925608896005723,200,1.1259836929603315,3.5930568892508745,0.020139432308496907,1.235407710514028,1.3925608488544823,683.5337951278686,mobile,0.001170987412634364,0.007481319282424164,34.17669148546498,34.17669148546498,system,5.775100383134052e-05,75,1.3925608488544823,0.04559223865951076,meta_train_support,0,MARGO-SPLIT-v1,20,20,80,3,76,0.0,0.2,20,10,0.0005,0.0005,mrlco_first_order_mean_pseudogradient,fixed_literature_derived_defaults,0.0,0.0,0.0004065932272723805,2.0329661363616136e-05,0.00012262548145536298,6.131274072767451e-06,2.0,0.0,0.017067705281270138,0.13949483272960914,0.008500413981457688,0.0,0.0,0.0,11.0,,,,,,,,,,,,,,,,,,,,,,,,,,,,,,,
0.0661511085296177,0.0045,0.995,0.0005,-0.0002949959598481655,0.07314562052488327,0.0009387546993707474,0.0022499999497085812,2.862643008927504,0.0,0.0,0.0,0.0,0.0,0.0,0.024666407066839716,1.3378819227218628,publication,0.6578795909881592,5.230627775192261,0.7500995754847463,0.8459547026009386,200,0.7118182264241929,2.330270506441593,0.029976588673889637,0.7500995754847464,0.8459547225385904,694.3215082263946,mobile,0.00124664555868651,0.0019545617098665844,34.71607233441539,34.71607233441539,system,0.0,76,0.8459547225385904,0.05138474776283927,meta_train_support,0,MARGO-SPLIT-v1,20,20,80,3,77,0.0,0.2,20,10,0.0005,0.0005,mrlco_first_order_mean_pseudogradient,fixed_literature_derived_defaults,0.0,0.0,0.0,0.0,0.0,0.0,0.0,0.0,0.017067705281270138,0.13949483272960914,0.008500413981457688,0.0,0.0,0.0,11.0,,,,,,,,,,,,,,,,,,,,,,,,,,,,,,,
0.05235702013175545,0.00175,0.99825,0.0,-0.00018071969680022448,0.1266726553440094,0.00023628094317279156,0.0006666666517655055,3.0054927279551826,0.0,0.0,0.0,0.0,0.0,0.0,0.02060918331755229,1.4555326700210571,publication,0.5635595321655273,5.029025554656982,1.010959916028467,1.1387566686158608,200,0.9159929808341851,3.2804015018045902,0.04332668279312202,1.010959916028467,1.138756735175848,923.1452415466308,mobile,0.004931754696547439,0.005029564265600011,46.15726307969965,46.15726307969965,system,0.0004328164040839844,77,1.138756735175848,0.03734791915916346,meta_train_support,0,MARGO-SPLIT-v1,20,20,80,3,78,0.0,0.2,20,10,0.0005,0.0005,mrlco_first_order_mean_pseudogradient,fixed_literature_derived_defaults,0.000845186850083997,4.2259342504201436e-05,0.0029993297660719596,0.00014996648830359338,0.0,0.0,2.0,0.0,0.01710996462377434,0.13964479921791273,0.008500413981457688,0.0,0.0,0.0,11.0,,,,,,,,,,,,,,,,,,,,,,,,,,,,,,,
0.06144546774374656,0.00375,0.995,0.00125,-0.0001593885972397402,0.13490678369998932,0.00022628089300518183,0.001916666654869914,2.975959113240242,0.0,0.0,0.0,0.0,0.0,0.0,0.022779108390232915,1.5348517894744873,publication,0.5589315891265869,5.033267498016357,1.0403247300727563,1.1724855748973642,200,0.9690789068332921,3.2284883726388216,0.029872597428038716,1.0403247300727565,1.172485579252243,607.2899516868591,mobile,0.001517053971710427,0.0016081319488770761,30.364494646799358,30.364494646799358,system,0.001548129297635002,78,1.172485579252243,0.05197742905526772,meta_train_support,0,MARGO-SPLIT-v1,20,20,80,3,79,0.0,0.2,20,10,0.0005,0.0005,mrlco_first_order_mean_pseudogradient,fixed_literature_derived_defaults,0.00311469581961589,0.00015573479098079587,0.010704565946741025,0.0005352282973370426,0.0,0.0,2.0,0.0,0.017265699414755135,0.14018002751524977,0.008500413981457688,0.0,0.0,0.0,11.0,,,,,,,,,,,,,,,,,,,,,,,,,,,,,,,
0.06490381069289762,0.00125,0.99825,0.0005,-3.823274892056361e-05,0.08373371511697769,0.0002336283414759777,0.0004999999888241291,3.0511223326126737,0.0,0.0,0.0,0.0,0.0,0.0,0.020118726303569808,1.5697795152664185,publication,0.6446568965911865,5.003109931945801,0.7953970011429118,0.8981653583804291,200,0.6641293841486523,1.797728321980685,0.032398223636846524,0.7953970011429117,0.8981653312407434,876.6411403656006,mobile,0.0007874521830416286,0.003032785730004278,43.83205354566931,43.83205354566931,system,0.0,79,0.8981653312407434,0.05254801308470189,meta_train_support,0,MARGO-SPLIT-v1,20,20,80,3,80,0.0,0.2,20,10,0.0005,0.0005,mrlco_first_order_mean_pseudogradient,fixed_literature_derived_defaults,0.0,0.0,0.0,0.0,0.0,0.0,0.0,0.0,0.017265699414755135,0.14018002751524977,0.008500413981457688,0.0,0.0,0.0,11.0,,,,,,,,,,,,,,,,,,,,,,,,,,,,,,,
0.06591154584253518,0.00675,0.9925,0.00075,-0.0005445873830467463,0.053698666393756866,0.0005565265719477056,0.002666666607062022,1.97446841498216,0.0,0.0,0.0,0.0,0.0,0.0,0.031378612920399854,1.502460241317749,publication,0.6472008228302002,5.327297925949097,0.4419258663187617,0.498018095331945,200,0.5670042414404085,1.7458213088102639,0.04087975574657321,0.44192586631876163,0.4980180570855737,195.02738594055177,mobile,0.0012450805475981307,0.0014645130999088852,9.751369179429012,9.751369179429012,system,0.0,80,0.4980180570855737,0.0480211940523787,meta_train_support,0,MARGO-SPLIT-v1,20,20,80,3,81,0.0,0.2,20,10,0.0005,0.0005,mrlco_first_order_mean_pseudogradient,fixed_literature_derived_defaults,0.0,0.0,0.0,0.0,0.0,0.0,0.0,0.0,0.017265699414755135,0.14018002751524977,0.008500413981457688,0.0,0.0,0.0,11.0,,,,,,,,,,,,,,,,,,,,,,,,,,,,,,,
0.07435366680578728,0.00325,0.99575,0.001,-0.0004324080946389586,0.11224930733442307,0.0004085674102211574,0.001833333323399226,2.6185773352781934,0.0,0.0,0.0,0.0,0.0,0.0,0.024689427522611013,1.2910799980163574,publication,0.632390022277832,4.660179615020752,0.8710187075151987,0.9825198419718072,200,1.155875275408564,3.741956745274365,0.018973391968756914,0.8710187075151989,0.9825198132637888,188.05267217636109,mobile,0.0016273058001598892,0.003254821658892593,9.402633051218517,9.402633051218517,system,0.0,81,0.9825198132637888,0.054204550771408073,meta_train_support,0,MARGO-SPLIT-v1,20,20,80,3,82,0.0,0.2,20,10,0.0005,0.0005,mrlco_first_order_mean_pseudogradient,fixed_literature_derived_defaults,0.0,0.0,0.0,0.0,0.0,0.0,0.0,0.0,0.017265699414755135,0.14018002751524977,0.008500413981457688,0.0,0.0,0.0,11.0,,,,,,,,,,,,,,,,,,,,,,,,,,,,,,,
0.05552202287733134,0.004,0.99475,0.00125,-0.0006237955531105399,0.0782790258526802,0.00038633722287594697,0.00274999993853271,2.28376916150252,0.0,0.0,0.0,0.0,0.0,0.0,0.030817855154692052,1.0555040836334229,publication,0.559149980545044,5.058279514312744,0.5204859029321163,0.5848461164603941,200,0.667436187977842,1.6845110799185932,0.03857302253891248,0.5204859029321163,0.5848461056873202,755.1829885292053,mobile,0.0016038956399499018,0.0019127574495712155,37.759146275265756,37.759146275265756,system,0.0,82,0.5848461056873202,0.040656089355974874,meta_train_support,0,MARGO-SPLIT-v1,20,20,80,3,83,0.0,0.2,20,10,0.0005,0.0005,mrlco_first_order_mean_pseudogradient,fixed_literature_derived_defaults,0.0,0.0,0.0,0.0,0.0,0.0,0.0,0.0,0.017265699414755135,0.14018002751524977,0.008500413981457688,0.0,0.0,0.0,11.0,,,,,,,,,,,,,,,,,,,,,,,,,,,,,,,
0.05469053317461048,0.00525,0.99425,0.0005,-0.0004171767213847488,0.04600827768445015,0.0008862627842593914,0.0033333332898716128,1.8834832044939198,0.0,0.0,0.0,0.0,0.0,0.0,0.03269439122602392,0.8322936296463013,publication,0.5783002376556396,5.579725503921509,0.3743027848692884,0.4205749706318147,200,0.5667850183314846,1.5403591906651855,0.0435640191717539,0.37430278486928836,0.42057496869936584,489.4898850917816,mobile,0.0009791613844845669,0.0016705239480249686,24.47449516773867,24.47449516773867,system,0.0,83,0.42057496869936584,0.04330602671626393,meta_train_support,0,MARGO-SPLIT-v1,20,20,80,3,84,0.0,0.2,20,10,0.0005,0.0005,mrlco_first_order_mean_pseudogradient,fixed_literature_derived_defaults,0.0,0.0,0.0,0.0,0.0,0.0,0.0,0.0,0.017265699414755135,0.14018002751524977,0.008500413981457688,0.0,0.0,0.0,11.0,,,,,,,,,,,,,,,,,,,,,,,,,,,,,,,
0.07702178983776761,0.0035,0.996,0.0005,-0.0001360210735583678,0.1466360092163086,0.0006672127529450715,0.002166666633759936,2.160415573045611,0.0,0.0,0.0,0.0,0.0,0.0,0.024724421715880403,0.6855515837669373,publication,0.658379316329956,4.933835506439209,0.7671532580824493,0.8630444523435653,200,0.9315749982656006,2.891278003109619,0.01804417301900685,0.7671532580824494,0.8630444590095431,211.1553915786743,mobile,0.0008955712860561868,0.001548221878417487,10.55776907547247,10.55776907547247,system,0.00020862690031512465,84,0.8630444590095431,0.059421998566486244,meta_train_support,0,MARGO-SPLIT-v1,20,20,80,3,85,0.0,0.2,20,10,0.0005,0.0005,mrlco_first_order_mean_pseudogradient,fixed_literature_derived_defaults,0.0001844658550552042,9.22329275275871e-06,0.001465558053818375,7.327790269093248e-05,0.0,0.0,2.0,0.0,0.017274922707507894,0.1402533054179407,0.008500413981457688,0.0,0.0,0.0,11.0,,,,,,,,,,,,,,,,,,,,,,,,,,,,,,,
0.05738156895683699,0.002,0.99775,0.00025,-0.0005602668388746679,0.18770721554756165,8.172336334363687e-05,0.0008333333302289247,2.4901638864229123,0.0,0.0,0.0,0.0,0.0,0.0,0.02495042365783288,0.6593668460845947,publication,0.6568117141723633,5.176891565322876,0.9916439449378888,1.117138445656583,200,0.9188277028963794,2.6029793857596815,0.048123992601176724,0.9916439449378884,1.1171384243294598,1044.8166966056824,mobile,0.0019392554546835345,0.0023083632517087245,52.24083575121453,52.24083575121453,system,0.0003779141906790453,85,1.1171384243294598,0.04406121985930607,meta_train_support,0,MARGO-SPLIT-v1,20,20,80,3,86,0.0,0.2,20,10,0.0005,0.0005,mrlco_first_order_mean_pseudogradient,fixed_literature_derived_defaults,0.000441487570963921,2.207437854819666e-05,0.0026401340482557515,0.00013200670241278467,0.0,0.0,2.0,0.0,0.01729699708605609,0.1403853121203535,0.008500413981457688,0.0,0.0,0.0,11.0,,,,,,,,,,,,,,,,,,,,,,,,,,,,,,,
0.06497371929478657,0.004,0.995,0.001,-0.00011001437087543309,0.2835909426212311,0.001076620205031986,0.002999999932944775,2.574175856014093,0.0,0.0,0.0,0.0,0.0,0.0,0.032745137009844334,0.7937644720077515,publication,0.5499656200408936,4.936682939529419,1.0499426173308861,1.1831318760104113,200,1.1254015763667664,3.272926445119083,0.05124942335532978,1.0499426173308861,1.183131873179227,473.87325914382933,mobile,0.0010991339931458602,0.007547937848092611,23.69366184367061,23.69366184367061,system,0.0004082301050744984,86,1.183131873179227,0.047996026784151394,meta_train_support,0,MARGO-SPLIT-v1,20,20,80,3,87,0.0,0.2,20,10,0.0005,0.0005,mrlco_first_order_mean_pseudogradient,fixed_literature_derived_defaults,0.0008008262291265066,4.0041311456323614e-05,0.002809255542237611,0.0001404627771118827,0.0,0.0,2.0,0.0,0.017337038397512414,0.14052577489746537,0.008500413981457688,0.0,0.0,0.0,11.0,,,,,,,,,,,,,,,,,,,,,,,,,,,,,,,
0.039919818196019294,0.00575,0.9925,0.00175,-0.0006532921106554568,0.06991025060415268,0.001400879953303047,0.004166666589056452,1.3520537932713825,0.0,0.0,0.0,0.0,0.0,0.0,0.04928046082355293,0.8211216330528259,publication,0.5994031429290771,5.0301597118377686,0.40283340404742424,0.45183429224482097,200,0.7127041798098758,2.3877205182798207,0.05047318642027676,0.4028334040474242,0.45183427434414625,580.1283690643311,mobile,0.002433733884397422,0.0052180386037047645,29.006421266620453,29.006421266620453,system,0.0,87,0.45183427434414625,0.036396546636301166,meta_train_support,0,MARGO-SPLIT-v1,20,20,80,3,88,0.0,0.2,20,10,0.0005,0.0005,mrlco_first_order_mean_pseudogradient,fixed_literature_derived_defaults,0.0,0.0,0.0,0.0,0.0,0.0,0.0,0.0,0.017337038397512414,0.14052577489746537,0.008500413981457688,0.0,0.0,0.0,11.0,,,,,,,,,,,,,,,,,,,,,,,,,,,,,,,
0.06281929567692754,0.00825,0.99,0.00175,-0.0003164552035741508,0.12876608967781067,0.0013005350261513133,0.004916666649902861,1.7565051833167673,0.0,0.0,0.0,0.0,0.0,0.0,0.04447468493619536,1.1830823421478271,publication,0.6150457859039307,5.247859954833984,0.7426580787451207,0.8356955942894092,200,0.998455557582558,3.227401740849018,0.05405266005618614,0.7426580787451206,0.835695582255721,445.3482099723816,mobile,0.0017755585937997299,0.00213068935475326,22.267412168990806,22.267412168990806,system,0.0,88,0.835695582255721,0.04716094550354657,meta_train_support,0,MARGO-SPLIT-v1,20,20,80,3,89,0.0,0.2,20,10,0.0005,0.0005,mrlco_first_order_mean_pseudogradient,fixed_literature_derived_defaults,0.0,0.0,0.0,0.0,0.0,0.0,0.0,0.0,0.017337038397512414,0.14052577489746537,0.008500413981457688,0.0,0.0,0.0,11.0,,,,,,,,,,,,,,,,,,,,,,,,,,,,,,,
0.04717305043981192,0.00825,0.98925,0.0025,-0.0007425779476761818,0.04809904098510742,0.0009721383905343828,0.004249999982615311,1.5042293032010394,0.0,0.0,0.0,0.0,0.0,0.0,0.0545785763077788,1.0843913555145264,publication,0.6701264381408691,5.273659944534302,0.6212439035851127,0.6986670411094746,200,1.040093303193068,3.468941984232515,0.01787741945372545,0.6212439035851128,0.6986670322343707,768.5951490211487,mobile,0.0020008826293843366,0.004292372610018732,38.42975669139192,38.42975669139192,system,0.0,89,0.6986670322343707,0.039155270942826656,meta_train_support,0,MARGO-SPLIT-v1,20,20,80,3,90,0.0,0.2,20,10,0.0005,0.0005,mrlco_first_order_mean_pseudogradient,fixed_literature_derived_defaults,0.0,0.0,0.0,0.0,0.0,0.0,0.0,0.0,0.017337038397512414,0.14052577489746537,0.008500413981457688,0.0,0.0,0.0,11.0,,,,,,,,,,,,,,,,,,,,,,,,,,,,,,,
0.08815002960244757,0.0065,0.99125,0.00225,-0.0006242316449061036,0.27210667729377747,0.0012948153576265516,0.003999999926115076,2.4070522358020146,0.0,0.0,0.0,0.0,0.0,0.0,0.047018993255681256,1.426813006401062,publication,0.6406669616699219,4.342768430709839,1.1648725545028211,1.3140007820623578,200,1.1718834957368418,3.3088454965036362,0.045284311461728066,1.164872554502821,1.3140007696673275,240.85354167938232,mobile,0.0015162829862585636,0.017396338314992488,12.042677315229387,12.042677315229387,system,0.00018141858849518176,90,1.3140007696673275,0.06171833290979963,meta_train_support,0,MARGO-SPLIT-v1,20,20,80,3,91,0.0,0.2,20,10,0.0005,0.0005,mrlco_first_order_mean_pseudogradient,fixed_literature_derived_defaults,4.8169916804865904e-05,2.408495840242747e-06,0.0012850558193306073,6.425279096652914e-05,0.0,0.0,2.0,0.0,0.017339446893352657,0.1405900276884319,0.008500413981457688,0.0,0.0,0.0,11.0,,,,,,,,,,,,,,,,,,,,,,,,,,,,,,,
0.054810158175544285,0.01,0.9865,0.0035,-0.0006842107395641506,0.03930383175611496,0.0009373191263875924,0.005166666628792882,1.4739983757336934,0.0,0.0,0.0,0.0,0.0,0.0,0.05813136709863106,1.3876110315322876,publication,0.6493475437164307,4.948764085769653,0.6126963846175968,0.6908206343734491,200,0.7325090554171788,2.2628181476611644,-0.05708681128453463,0.6126963846175967,0.6908206533640623,614.7853325939178,mobile,0.0032638543536738156,0.009403679782083837,30.739264800547257,30.739264800547257,system,4.56657406647838e-05,91,0.6908206533640623,0.047587554841683775,meta_train_support,0,MARGO-SPLIT-v1,20,20,80,3,92,0.0,0.2,20,10,0.0005,0.0005,mrlco_first_order_mean_pseudogradient,fixed_literature_derived_defaults,0.0,0.0,0.0003248149347120535,1.6240746735590728e-05,0.0,0.0,1.0,0.0,0.017339446893352657,0.1406062684351675,0.008500413981457688,0.0,0.0,0.0,11.0,,,,,,,,,,,,,,,,,,,,,,,,,,,,,,,
0.047567787078287904,0.00925,0.9875,0.00325,-0.00023966506705619395,0.21720676124095917,0.0023428551289725874,0.005249999913697441,1.9585239355762802,0.0,0.0,0.0,0.0,0.0,0.0,0.053816457064296865,1.507008671760559,publication,0.6591250896453857,5.181802034378052,0.9452402368262794,1.063852240700653,200,1.218826368883241,3.5020617553964257,0.0434574099490419,0.9452402368262792,1.0638522210158408,776.4680839157104,mobile,0.0038164464534401633,0.006444907059860049,38.823400929997305,38.823400929997305,system,0.0,92,1.0638522210158408,0.04144648747646618,meta_train_support,0,MARGO-SPLIT-v1,20,20,80,3,93,0.0,0.2,20,10,0.0005,0.0005,mrlco_first_order_mean_pseudogradient,fixed_literature_derived_defaults,0.0,0.0,0.0,0.0,0.0,0.0,0.0,0.0,0.017339446893352657,0.1406062684351675,0.008500413981457688,0.0,0.0,0.0,11.0,,,,,,,,,,,,,,,,,,,,,,,,,,,,,,,
0.05319012436150341,0.01125,0.986,0.00275,-0.0012032167287543416,0.03356359526515007,0.0005746582985617958,0.004916666665424904,1.4037025312582652,0.0,0.0,0.0,0.0,0.0,0.0,0.07263941593348182,1.4315801858901978,publication,0.6780760288238525,5.426559686660767,0.5122443483958736,0.5761825625852134,200,0.7006283736894369,2.211068100295961,0.03369676534202881,0.5122443483958735,0.5761825633607804,511.66191272735597,mobile,0.005137930685527423,0.01010469960496634,25.583096905746217,25.583096905746217,system,0.0,93,0.5761825633607804,0.04098101736297553,meta_train_support,0,MARGO-SPLIT-v1,20,20,80,3,94,0.0,0.2,20,10,0.0005,0.0005,mrlco_first_order_mean_pseudogradient,fixed_literature_derived_defaults,0.0,0.0,0.0,0.0,0.0,0.0,0.0,0.0,0.017339446893352657,0.1406062684351675,0.008500413981457688,0.0,0.0,0.0,11.0,,,,,,,,,,,,,,,,,,,,,,,,,,,,,,,
0.062474487922963916,0.0085,0.98775,0.00375,-0.0011224524350836873,0.037918198853731155,0.0013727342190577474,0.006916666605199377,1.8651841203371682,0.0,0.0,0.0,0.0,0.0,0.0,0.07359225077060111,1.3515126705169678,publication,0.6708438396453857,5.385973215103149,0.42039859575813227,0.47198210039687183,200,0.6536241597816531,1.734697436913848,0.039967591168533545,0.4203985957581322,0.4719820928759873,156.74079632759094,mobile,0.0022486700337082167,0.0060030135562069604,7.837039811932926,7.837039811932926,system,0.0,94,0.4719820928759873,0.04947733400192309,meta_train_support,0,MARGO-SPLIT-v1,20,20,80,3,95,0.0,0.2,20,10,0.0005,0.0005,mrlco_first_order_mean_pseudogradient,fixed_literature_derived_defaults,0.0,0.0,0.0,0.0,0.0,0.0,0.0,0.0,0.017339446893352657,0.1406062684351675,0.008500413981457688,0.0,0.0,0.0,11.0,,,,,,,,,,,,,,,,,,,,,,,,,,,,,,,
0.06525300866216951,0.0105,0.9875,0.002,-0.0012595707084983587,0.07858467102050781,0.0023625996725513683,0.0065833332327504945,1.4210976009567577,0.0,0.0,0.0,0.0,0.0,0.0,0.06486321306465485,1.1253564357757568,publication,0.6495776176452637,5.228623628616333,0.6773906357413904,0.7618641327348996,200,0.9709571634920083,2.582911604549736,0.005885335791390389,0.6773906357413904,0.7618641426088288,473.5171160316467,mobile,0.0025195805578097554,0.006485428682311202,23.67585362186375,23.67585362186375,system,0.0,95,0.7618641426088288,0.048432180402921104,meta_train_support,0,MARGO-SPLIT-v1,20,20,80,3,96,0.0,0.2,20,10,0.0005,0.0005,mrlco_first_order_mean_pseudogradient,fixed_literature_derived_defaults,0.0,0.0,0.0,0.0,0.0,0.0,0.0,0.0,0.017339446893352657,0.1406062684351675,0.008500413981457688,0.0,0.0,0.0,11.0,,,,,,,,,,,,,,,,,,,,,,,,,,,,,,,
0.06267083438720328,0.007,0.99025,0.00275,-0.0002167993225157261,0.08242284506559372,0.0019427654540152162,0.0062500000931322575,2.3503556581834952,0.0,0.0,0.0,0.0,0.0,0.0,0.048250652386165584,1.029589295387268,publication,0.669123649597168,4.432201623916626,1.0004711936005117,1.1252478801598773,200,0.8041409246485952,2.6900132957380265,0.0787411245983094,1.0004711936005117,1.1252478882297874,442.1692504119873,mobile,0.000891037186059786,0.012207984555006861,22.10846211414606,22.10846211414606,system,0.0,96,1.1252478882297874,0.04508781486906109,meta_train_support,0,MARGO-SPLIT-v1,20,20,80,3,97,0.0,0.2,20,10,0.0005,0.0005,mrlco_first_order_mean_pseudogradient,fixed_literature_derived_defaults,0.0,0.0,0.0,0.0,0.0,0.0,0.0,0.0,0.017339446893352657,0.1406062684351675,0.008500413981457688,0.0,0.0,0.0,11.0,,,,,,,,,,,,,,,,,,,,,,,,,,,,,,,
0.0504360189602478,0.007,0.99,0.003,-0.00042009903700090945,0.07124542444944382,0.002544360436127135,0.005916666767249504,1.5129521494110425,0.0,0.0,0.0,0.0,0.0,0.0,0.05792666114911133,1.0018237829208374,publication,0.6683354377746582,4.90559983253479,0.5545142344217873,0.6236835486525706,200,0.6712502905820624,2.1290319045074284,0.028067469098459696,0.5545142344217872,0.6236835315544158,601.7180042266846,mobile,0.003127011043770658,0.03040889309583268,30.085898712219837,30.085898712219837,system,0.0007556427045389885,97,0.6236835315544158,0.039354532778402534,meta_train_support,0,MARGO-SPLIT-v1,20,20,80,3,98,0.0,0.2,20,10,0.0005,0.0005,mrlco_first_order_mean_pseudogradient,fixed_literature_derived_defaults,0.0008140372583592142,4.0701862917959936e-05,0.005273788693641149,0.00026368943468205175,0.0,0.0,2.0,0.0,0.017380148756270617,0.14086995786984954,0.008500413981457688,0.0,0.0,0.0,11.0,,,,,,,,,,,,,,,,,,,,,,,,,,,,,,,
0.07270857529177707,0.0055,0.992,0.0025,-0.0002472311316523701,0.08422903716564178,0.001489410613794462,0.004166666589056452,1.6141793474555015,0.0,0.0,0.0,0.0,0.0,0.0,0.04786285436032003,1.0922894477844238,publication,0.6490662097930908,4.737457275390625,0.7692546307440155,0.866688264919867,200,0.8572704411502527,2.5568619426339865,0.025705167558044202,0.7692546307440153,0.8666882702801376,343.5280519580841,mobile,0.0051348391260765056,0.013312370341025653,17.176401651025525,17.176401651025525,system,0.0005504118128701371,98,0.8666882702801376,0.05474679177121668,meta_train_support,0,MARGO-SPLIT-v1,20,20,80,3,99,0.0,0.2,20,10,0.0005,0.0005,mrlco_first_order_mean_pseudogradient,fixed_literature_derived_defaults,0.0007603802865546618,3.801901432773369e-05,0.00381341982706348,0.00019067099135317012,0.0,0.0,2.0,0.0,0.01741816777059835,0.1410606288612027,0.008500413981457688,0.0,0.0,0.0,11.0,,,,,,,,,,,,,,,,,,,,,,,,,,,,,,,
0.07357619904695101,0.006,0.992,0.002,-0.0004000853223260492,0.09639637917280197,0.0009429774302210112,0.003999999926115075,2.064556171745062,0.0,0.0,0.0,0.0,0.0,0.0,0.04737391441599019,1.1986382007598877,publication,0.6416001319885254,5.175099611282349,0.6905427591867883,0.7780911098213801,200,0.7753687753416194,2.207339309155941,0.011178057873621583,0.6905427591867882,0.7780911065684631,506.04732295989993,mobile,0.0032412099551188565,0.004204472860486974,25.302366758397735,25.302366758397735,system,0.00011088531946420588,99,0.7780911065684631,0.05584276391279472,meta_train_support,0,MARGO-SPLIT-v1,20,20,80,3,100,0.0,0.2,20,10,0.0005,0.0005,mrlco_first_order_mean_pseudogradient,fixed_literature_derived_defaults,0.0,0.0,0.0007860826962093868,3.930413481045836e-05,0.0,0.0,1.0,0.0,0.01741816777059835,0.14109993299601317,0.008500413981457688,0.0,0.0,0.0,11.0,,,,,,,,,,,,,,,,,,,,,,,,,,,,,,,
0.06505922267061036,0.00825,0.99025,0.0015,-0.0006767165614292026,0.04159488156437874,0.0013175812878747212,0.005999999943499763,1.7048029810190202,0.0,0.0,0.0,0.0,0.0,0.0,0.06301321960093499,1.3746404647827148,publication,0.6270236968994141,5.251114130020142,0.5494567528613526,0.6185615632136978,200,0.6876931552676202,1.7267028596252203,0.025901566812535748,0.5494567528613526,0.6185615610610694,424.65944778442383,mobile,0.002297672314829009,0.0032372826909685903,21.232974258680816,21.232974258680816,system,8.776677684352157e-05,100,0.6185615610610694,0.04593929315597512,meta_train_support,0,MARGO-SPLIT-v1,20,20,80,3,101,0.0,0.2,20,10,0.0005,0.0005,mrlco_first_order_mean_pseudogradient,fixed_literature_derived_defaults,3.0337410668645897e-05,1.5168705334335508e-06,0.0006182735376439512,3.091367688221047e-05,0.0,0.0,2.0,0.0,0.017419684641131784,0.14113084667289538,0.008500413981457688,0.0,0.0,0.0,11.0,-0.025470249313370646,-0.026388906679273887,0.026388906679273887,0.025470249313370646,40.0,40.0,0.0,0.0,0.0,0.0,0.0,0.0,0.0,400.0,280.0,0.0,0.0,0.975,0.975,0.0,6.0,0.0,1.0,11.0,74.0,validation/automotive_lexicographic_v1,automotive_lexicographic_v1,a3bd00d5108237acdb706f561212b5d840bac151f48b5250a61c573d9c9ffb6c,900915469.0,0.026388906679273887,1.0
