outer_learning_rate,entropy_coefficient,validation_query_composite_objective,Average latency,,support_graphs_per_meta_task,Average reward, ,ppo_batch_size_trajectories,NumTrajs,outer_update_method,AverageDiscountedReturn,hyperparameter_provenance.policy,seed,outer_update_count,k_steps,StdReturn,Average energy,,MaxReturn,meta_batch_size_distributions,validation_query_composite_objective_k0,AverageReturn,Itr,checkpoint_selection_metric,checkpoint_is_best_val,inner_learning_rate,MinReturn,validation_query_mean_latency_k3,value_clip_epsilon,query_graph_count,support_trajectories_per_meta_task,validation_query_mean_latency_k0,Average greedy latency,,EnvExecTime,split_role,split_version,PolicyExecTime
0.0005,0.0,0.4723793900517183,963.1300099430113,20,0.41101997895452314,20,10000,mrlco_first_order_mean_pseudogradient,0.38156391745048307,fixed_literature_derived_defaults,0,1,3,0.15697860162522329,872.595592955533,0.8277447346034774,10,0.41591662739518664,0.41101997895452314,0,validation_query_composite_objective,1,0.0005,-0.6213498382806366,879.805955506317,0.2,80,20,968.87095002843,612.1315675579343,50.7572340965271,meta_train_support,MARGO-SPLIT-v1,32.55051589012146
0.0005,0.0,,883.1348930379488,20,0.46791824660158166,20,10000,mrlco_first_order_mean_pseudogradient,0.43021544504045367,fixed_literature_derived_defaults,0,2,3,0.1322849019821549,821.6752542561543,0.8973530602044922,10,,0.46791824660158166,1,,,0.0005,-0.24349706368481489,,0.2,80,20,,604.7713929344723,48.464311361312866,meta_train_support,MARGO-SPLIT-v1,32.732542991638184
0.0005,0.0,,878.178678613231,20,0.5215172627103094,20,10000,mrlco_first_order_mean_pseudogradient,0.48015255919964095,fixed_literature_derived_defaults,0,3,3,0.13929741808128235,750.5039985192741,0.9382889368784904,10,,0.5215172627103094,2,,,0.0005,-0.2139833033223435,,0.2,80,20,,622.3009868621689,49.9438111782074,meta_train_support,MARGO-SPLIT-v1,32.03314542770386
0.0005,0.0,,842.9426267083645,20,0.5276541077531157,20,10000,mrlco_first_order_mean_pseudogradient,0.4838422418795969,fixed_literature_derived_defaults,0,4,3,0.13226413680857424,688.8822765419884,0.9014340471317784,10,,0.5276541077531157,3,,,0.0005,-0.3980969233677657,,0.2,80,20,,589.0734555792673,49.31742835044861,meta_train_support,MARGO-SPLIT-v1,32.668745040893555
0.0005,0.0,,810.0267470669093,20,0.5875042573888142,20,10000,mrlco_first_order_mean_pseudogradient,0.5398888011388021,fixed_literature_derived_defaults,0,5,3,0.13232162473810286,628.5442770275483,0.9258501884646382,10,,0.5875042573888142,4,,,0.0005,-0.1328557682890758,,0.2,80,20,,611.1135460177558,48.9909930229187,meta_train_support,MARGO-SPLIT-v1,32.72599196434021
0.0005,0.0,,781.3227860530104,20,0.6271657728844995,20,10000,mrlco_first_order_mean_pseudogradient,0.5774054080365167,fixed_literature_derived_defaults,0,6,3,0.11945090217819264,586.666276772336,0.9613190895833763,10,,0.6271657728844994,5,,,0.0005,-0.22979349213657624,,0.2,80,20,,628.5791581629481,48.874600648880005,meta_train_support,MARGO-SPLIT-v1,32.515074729919434
0.0005,0.0,,749.1695328233257,20,0.6535547408915924,20,10000,mrlco_first_order_mean_pseudogradient,0.5988230730032905,fixed_literature_derived_defaults,0,7,3,0.11584796254607956,510.1574595995809,0.9527736685294073,10,,0.6535547408915924,6,,,0.0005,0.08003591881943573,,0.2,80,20,,600.2586262120248,48.27744817733765,meta_train_support,MARGO-SPLIT-v1,31.550888299942017
0.0005,0.0,,731.7156909315205,20,0.6686783984773964,20,10000,mrlco_first_order_mean_pseudogradient,0.6129930727307956,fixed_literature_derived_defaults,0,8,3,0.11298871075056324,454.1490583143812,0.9693834861118596,10,,0.6686783984773963,7,,,0.0005,0.023025336457210055,,0.2,80,20,,606.6516427646773,48.52571082115173,meta_train_support,MARGO-SPLIT-v1,31.9362576007843
0.0005,0.0,,737.9750552491419,20,0.6674189794739488,20,10000,mrlco_first_order_mean_pseudogradient,0.612598294866863,fixed_literature_derived_defaults,0,9,3,0.11128325658981816,440.8217483865795,0.9686139016077246,10,,0.6674189794739488,8,,,0.0005,0.08856288315876172,,0.2,80,20,,608.7837606597355,50.28804636001587,meta_train_support,MARGO-SPLIT-v1,32.04456377029419
0.0005,0.0,,721.8681369149903,20,0.6875255588441754,20,10000,mrlco_first_order_mean_pseudogradient,0.6299217921737978,fixed_literature_derived_defaults,0,10,3,0.10870126871656093,426.90955169316595,0.9731294140089279,10,,0.6875255588441754,9,,,0.0005,0.1929001885854942,,0.2,80,20,,597.4118719431332,47.898481369018555,meta_train_support,MARGO-SPLIT-v1,32.42393445968628
0.0005,0.0,,722.4719357760688,20,0.7046331864170137,20,10000,mrlco_first_order_mean_pseudogradient,0.6467254391358337,fixed_literature_derived_defaults,0,11,3,0.10380596762482897,392.1292491114792,0.960235721123925,10,,0.7046331864170137,10,,,0.0005,0.06585457240055086,,0.2,80,20,,614.7424242979868,48.98836326599121,meta_train_support,MARGO-SPLIT-v1,30.861716508865356
0.0005,0.0,,731.6993866424724,20,0.7105896909975083,20,10000,mrlco_first_order_mean_pseudogradient,0.6519272721210913,fixed_literature_derived_defaults,0,12,3,0.1029820857713187,365.0994275830305,0.9664344856333139,10,,0.7105896909975083,11,,,0.0005,0.08466259604627382,,0.2,80,20,,617.6842409292085,49.64230394363403,meta_train_support,MARGO-SPLIT-v1,30.018248796463013
0.0005,0.0,,689.3732742742933,20,0.7306439543662752,20,10000,mrlco_first_order_mean_pseudogradient,0.6691059133696996,fixed_literature_derived_defaults,0,13,3,0.10635991573764685,323.528203555037,0.9870542977452257,10,,0.7306439543662752,12,,,0.0005,0.2440843392322222,,0.2,80,20,,605.3476717712402,48.9345064163208,meta_train_support,MARGO-SPLIT-v1,32.37804198265076
0.0005,0.0,,648.3760737264511,20,0.7793211579190186,20,10000,mrlco_first_order_mean_pseudogradient,0.7137336637867658,fixed_literature_derived_defaults,0,14,3,0.09979662415765755,250.28174858239709,0.9787636849329531,10,,0.7793211579190186,13,,,0.0005,0.3146992387947308,,0.2,80,20,,591.8716869904927,49.347084045410156,meta_train_support,MARGO-SPLIT-v1,32.07258415222168
0.0005,0.0,,691.6680655287715,20,0.7768077958648603,20,10000,mrlco_first_order_mean_pseudogradient,0.7144072852192992,fixed_literature_derived_defaults,0,15,3,0.09634065591030913,243.4188504419486,0.9762054166543909,10,,0.7768077958648603,14,,,0.0005,0.2918428680970101,,0.2,80,20,,612.0098009870937,50.322779417037964,meta_train_support,MARGO-SPLIT-v1,31.58141016960144
0.0005,0.0,,678.7432716800785,20,0.7861796854788159,20,10000,mrlco_first_order_mean_pseudogradient,0.7211230287090166,fixed_literature_derived_defaults,0,16,3,0.10499636214193794,221.9525891916675,0.9784217361301234,10,,0.7861796854788159,15,,,0.0005,0.06688085903384536,,0.2,80,20,,620.7300079220227,49.0508828163147,meta_train_support,MARGO-SPLIT-v1,30.861551523208618
0.0005,0.0,,651.9796958698668,20,0.8122393893718015,20,10000,mrlco_first_order_mean_pseudogradient,0.744091360872903,fixed_literature_derived_defaults,0,17,3,0.09559593595421077,171.17449027193658,0.9787636849329531,10,,0.8122393893718015,16,,,0.0005,0.24171672863930577,,0.2,80,20,,621.0308353906495,49.83700108528137,meta_train_support,MARGO-SPLIT-v1,32.16836333274841
0.0005,0.0,,683.7851092160429,20,0.8196654119421144,20,10000,mrlco_first_order_mean_pseudogradient,0.7518220263897176,fixed_literature_derived_defaults,0,18,3,0.09897109046696498,147.296797188908,0.9787636849329531,10,,0.8196654119421144,17,,,0.0005,0.3614254298938919,,0.2,80,20,,620.1501542108263,50.577868938446045,meta_train_support,MARGO-SPLIT-v1,30.254438400268555
0.0005,0.0,,661.4929617591572,20,0.8161285099805625,20,10000,mrlco_first_order_mean_pseudogradient,0.7484090236353501,fixed_literature_derived_defaults,0,19,3,0.09221782661279265,152.19531169169295,0.9638381275814982,10,,0.8161285099805625,18,,,0.0005,0.34218654795536957,,0.2,80,20,,616.1563160095488,48.68201184272766,meta_train_support,MARGO-SPLIT-v1,31.409624576568604
0.0005,0.0,,636.8729049254513,20,0.8235576224968408,20,10000,mrlco_first_order_mean_pseudogradient,0.7546481373880186,fixed_literature_derived_defaults,0,20,3,0.0926041844079255,149.93343661061252,0.9783499299968452,10,,0.8235576224968408,19,,,0.0005,0.41933890036214294,,0.2,80,20,,603.0639042518206,49.69276285171509,meta_train_support,MARGO-SPLIT-v1,32.55556845664978
0.0005,0.0,,697.2442468817861,20,0.8100807625500174,20,10000,mrlco_first_order_mean_pseudogradient,0.7414589558546921,fixed_literature_derived_defaults,0,21,3,0.09088908420813989,154.03988726282162,0.9709490553511365,10,,0.8100807625500174,20,,,0.0005,0.24556810438952834,,0.2,80,20,,632.3575162841524,49.65074944496155,meta_train_support,MARGO-SPLIT-v1,32.31413292884827
0.0005,0.0,,647.3439530589295,20,0.8309042384852512,20,10000,mrlco_first_order_mean_pseudogradient,0.7599435889922517,fixed_literature_derived_defaults,0,22,3,0.0903179051086582,123.56993641891398,0.9779388086232913,10,,0.8309042384852512,21,,,0.0005,0.39874419038501363,,0.2,80,20,,620.4115590208735,50.752469539642334,meta_train_support,MARGO-SPLIT-v1,31.13075566291809
0.0005,0.0,,621.9976430483327,20,0.8493112068977096,20,10000,mrlco_first_order_mean_pseudogradient,0.7772479156042328,fixed_literature_derived_defaults,0,23,3,0.08390971605598549,109.54649941338769,0.9787636849329531,10,,0.8493112068977096,22,,,0.0005,0.37535923940260796,,0.2,80,20,,607.6697230015074,49.481041431427,meta_train_support,MARGO-SPLIT-v1,32.8531551361084
0.0005,0.0,,636.7313450113528,20,0.8541831732511537,20,10000,mrlco_first_order_mean_pseudogradient,0.7827633187567481,fixed_literature_derived_defaults,0,24,3,0.08202652834147314,93.50097036516031,0.9792807510595734,10,,0.8541831732511537,23,,,0.0005,0.4376406815680429,,0.2,80,20,,608.4434113462856,49.019991397857666,meta_train_support,MARGO-SPLIT-v1,32.41550612449646
0.0005,0.0,,626.2188980432892,20,0.8359706937127838,20,10000,mrlco_first_order_mean_pseudogradient,0.7653126148636323,fixed_literature_derived_defaults,0,25,3,0.09312142034835941,127.00860468447203,0.9795153004885647,10,,0.8359706937127838,24,,,0.0005,0.380745062839482,,0.2,80,20,,594.5187457834245,50.23350214958191,meta_train_support,MARGO-SPLIT-v1,32.71468472480774
0.0005,0.0,,665.5870606204442,20,0.829488552907914,20,10000,mrlco_first_order_mean_pseudogradient,0.7608057393331609,fixed_literature_derived_defaults,0,26,3,0.09128973941169274,127.80838378358563,0.9787636849329531,10,,0.829488552907914,25,,,0.0005,0.3570157653341436,,0.2,80,20,,618.6790547822408,50.00563859939575,meta_train_support,MARGO-SPLIT-v1,32.50627589225769
0.0005,0.0,,668.6635225874969,20,0.8345712928283612,20,10000,mrlco_first_order_mean_pseudogradient,0.7645963815140451,fixed_literature_derived_defaults,0,27,3,0.08805261395536318,103.57615662903737,0.9787636849329531,10,,0.8345712928283612,26,,,0.0005,0.45805975650926956,,0.2,80,20,,623.9190012644768,49.51282072067261,meta_train_support,MARGO-SPLIT-v1,32.55597686767578
0.0005,0.0,,642.5833705287879,20,0.8500280073395168,20,10000,mrlco_first_order_mean_pseudogradient,0.778287433664281,fixed_literature_derived_defaults,0,28,3,0.07899908194175902,90.73758889204592,0.9744293650689607,10,,0.8500280073395168,27,,,0.0005,0.36911588044154653,,0.2,80,20,,614.0902518368313,50.12806510925293,meta_train_support,MARGO-SPLIT-v1,31.886564254760742
0.0005,0.0,,600.6086568379756,20,0.8616418383463588,20,10000,mrlco_first_order_mean_pseudogradient,0.7874112759288746,fixed_literature_derived_defaults,0,29,3,0.079387855606806,81.06402201045174,0.9742141469230275,10,,0.8616418383463588,28,,,0.0005,0.5056391020358217,,0.2,80,20,,604.5140644757543,49.27444839477539,meta_train_support,MARGO-SPLIT-v1,33.12125372886658
0.0005,0.0,,659.5629288307545,20,0.8577438011199784,20,10000,mrlco_first_order_mean_pseudogradient,0.7846023709825045,fixed_literature_derived_defaults,0,30,3,0.08288127544563509,71.78057999897692,0.9789369423330445,10,,0.8577438011199784,29,,,0.0005,0.4566177895852754,,0.2,80,20,,621.3424199403219,50.83630037307739,meta_train_support,MARGO-SPLIT-v1,32.759531021118164
0.0005,0.0,,612.3845643971403,20,0.8623418756816105,20,10000,mrlco_first_order_mean_pseudogradient,0.7889491591264708,fixed_literature_derived_defaults,0,31,3,0.07184225094576709,80.25879949318255,0.9789369423330445,10,,0.8623418756816105,30,,,0.0005,0.5246012346348377,,0.2,80,20,,609.8205556528501,50.11482620239258,meta_train_support,MARGO-SPLIT-v1,31.635138034820557
0.0005,0.0,,606.271600404971,20,0.864390487999761,20,10000,mrlco_first_order_mean_pseudogradient,0.7902028824536395,fixed_literature_derived_defaults,0,32,3,0.07121584513835831,77.01266206323406,0.9759365491289579,10,,0.864390487999761,31,,,0.0005,0.5530166899963251,,0.2,80,20,,605.6084512404306,51.26626372337341,meta_train_support,MARGO-SPLIT-v1,32.84114170074463
0.0005,0.0,,626.6088718814782,20,0.8586082744524303,20,10000,mrlco_first_order_mean_pseudogradient,0.7865347328884389,fixed_literature_derived_defaults,0,33,3,0.07757578494968424,74.24489585909554,0.9734796126361372,10,,0.8586082744524303,32,,,0.0005,0.37293184068134894,,0.2,80,20,,604.3442649371419,47.983640909194946,meta_train_support,MARGO-SPLIT-v1,32.299092531204224
0.0005,0.0,,676.0346596647289,20,0.8464806392579605,20,10000,mrlco_first_order_mean_pseudogradient,0.7743488052678925,fixed_literature_derived_defaults,0,34,3,0.08747912587241789,75.45654997029011,0.9783499299968452,10,,0.8464806392579605,33,,,0.0005,0.4609838104318148,,0.2,80,20,,624.5639111979892,48.570712089538574,meta_train_support,MARGO-SPLIT-v1,32.85762095451355
0.0005,0.0,,624.3175072050312,20,0.8635076828705063,20,10000,mrlco_first_order_mean_pseudogradient,0.7918788485993343,fixed_literature_derived_defaults,0,35,3,0.07598903346703896,68.92297403991797,0.977751796323743,10,,0.8635076828705063,34,,,0.0005,0.5389310904250922,,0.2,80,20,,608.4793592955182,48.055166244506836,meta_train_support,MARGO-SPLIT-v1,32.8841655254364
0.0005,0.0,,660.2637895746,20,0.8551400713748053,20,10000,mrlco_first_order_mean_pseudogradient,0.7841353870763873,fixed_literature_derived_defaults,0,36,3,0.08418840756077385,70.4695759806699,0.9742141469230275,10,,0.8551400713748053,35,,,0.0005,0.40446950578813645,,0.2,80,20,,623.5346898036548,50.59462857246399,meta_train_support,MARGO-SPLIT-v1,32.02325701713562
0.0005,0.0,,714.9360195238413,20,0.832605894510926,20,10000,mrlco_first_order_mean_pseudogradient,0.7624748067809618,fixed_literature_derived_defaults,0,37,3,0.09290916702167308,79.0587364591029,0.974189033614917,10,,0.832605894510926,36,,,0.0005,0.3894239522734512,,0.2,80,20,,635.7064445519175,50.235578298568726,meta_train_support,MARGO-SPLIT-v1,33.11560535430908
0.0005,0.0,,733.1933247296973,20,0.838265092123581,20,10000,mrlco_first_order_mean_pseudogradient,0.7677264952754178,fixed_literature_derived_defaults,0,38,3,0.07394324221222952,78.0362095745484,0.9734796126361372,10,,0.8382650921235812,37,,,0.0005,0.5333517588096611,,0.2,80,20,,641.1382230792591,49.351195096969604,meta_train_support,MARGO-SPLIT-v1,32.80479645729065
0.0005,0.0,,725.6278145541886,20,0.8391730235325169,20,10000,mrlco_first_order_mean_pseudogradient,0.7685521309777207,fixed_literature_derived_defaults,0,39,3,0.09249689301100662,77.81888918443288,0.9795153004885647,10,,0.8391730235325169,38,,,0.0005,0.4210295952421872,,0.2,80,20,,632.8343223309108,49.18711996078491,meta_train_support,MARGO-SPLIT-v1,32.878679275512695
0.0005,0.0,,628.5458136252731,20,0.8639424987754099,20,10000,mrlco_first_order_mean_pseudogradient,0.7911952426085826,fixed_literature_derived_defaults,0,40,3,0.08380752311187342,63.86746124524193,0.9789369423330445,10,,0.8639424987754099,39,,,0.0005,0.38724531738788887,,0.2,80,20,,607.5223228669303,49.208996057510376,meta_train_support,MARGO-SPLIT-v1,32.81210708618164
0.0005,0.0,,676.7825926297188,20,0.8506050248306563,20,10000,mrlco_first_order_mean_pseudogradient,0.7801132561802627,fixed_literature_derived_defaults,0,41,3,0.08486556469645432,73.68092886011915,0.9731017624471252,10,,0.8506050248306563,40,,,0.0005,0.4995509685297925,,0.2,80,20,,621.8488690360342,49.099246978759766,meta_train_support,MARGO-SPLIT-v1,33.017494678497314
0.0005,0.0,,619.6050341684205,20,0.8687844717601864,20,10000,mrlco_first_order_mean_pseudogradient,0.7956350793325208,fixed_literature_derived_defaults,0,42,3,0.07865149405337456,64.39448222988364,0.977751796323743,10,,0.8687844717601864,41,,,0.0005,0.5578794348148667,,0.2,80,20,,599.5105169750077,47.301809549331665,meta_train_support,MARGO-SPLIT-v1,33.25326681137085
0.0005,0.0,,633.708811476935,20,0.8659284479636277,20,10000,mrlco_first_order_mean_pseudogradient,0.7938745234613153,fixed_literature_derived_defaults,0,43,3,0.0759494807739113,64.58720969955024,0.9787636849329531,10,,0.8659284479636277,42,,,0.0005,0.59803341680647,,0.2,80,20,,607.4604752467973,49.23865270614624,meta_train_support,MARGO-SPLIT-v1,32.92784667015076
0.0005,0.0,,657.054914224788,20,0.8493636410384002,20,10000,mrlco_first_order_mean_pseudogradient,0.7762098988460328,fixed_literature_derived_defaults,0,44,3,0.07585850202366357,66.8082471040718,0.9779660557653764,10,,0.8493636410384002,43,,,0.0005,0.5071519907009358,,0.2,80,20,,631.5703788707461,50.214460372924805,meta_train_support,MARGO-SPLIT-v1,33.043883085250854
0.0005,0.0,,647.7182757154669,20,0.8627925267729183,20,10000,mrlco_first_order_mean_pseudogradient,0.7903854610622567,fixed_literature_derived_defaults,0,45,3,0.07489158029885042,64.57621896293624,0.9767399585877231,10,,0.8627925267729183,44,,,0.0005,0.5287560984439117,,0.2,80,20,,625.4448512248857,48.9781174659729,meta_train_support,MARGO-SPLIT-v1,32.88351106643677
0.0005,0.0,,580.3959031813444,20,0.8832169415175278,20,10000,mrlco_first_order_mean_pseudogradient,0.8094367490293118,fixed_literature_derived_defaults,0,46,3,0.0659660832481014,58.232748653412145,0.9784217361301234,10,,0.8832169415175278,45,,,0.0005,0.5819913529187644,,0.2,80,20,,585.5013223988942,47.75257396697998,meta_train_support,MARGO-SPLIT-v1,33.580209255218506
0.0005,0.0,,670.1113113128008,20,0.8549951475678976,20,10000,mrlco_first_order_mean_pseudogradient,0.7827590261898364,fixed_literature_derived_defaults,0,47,3,0.0760005905789006,68.45726575720361,0.9767399585877231,10,,0.8549951475678976,46,,,0.0005,0.6127880337614248,,0.2,80,20,,625.3830036047527,49.84778881072998,meta_train_support,MARGO-SPLIT-v1,31.879434823989868
0.0005,0.0,,629.5445508245277,20,0.8593294343669399,20,10000,mrlco_first_order_mean_pseudogradient,0.7859804128857204,fixed_literature_derived_defaults,0,48,3,0.07673443434658801,63.00534779621381,0.9743407437046239,10,,0.8593294343669399,47,,,0.0005,0.5311105077048699,,0.2,80,20,,604.9461471784999,49.849332332611084,meta_train_support,MARGO-SPLIT-v1,32.09299159049988
0.0005,0.0,,566.9470180919756,20,0.8800346541479801,20,10000,mrlco_first_order_mean_pseudogradient,0.8053476900249953,fixed_literature_derived_defaults,0,49,3,0.07269374100055273,56.008240997826775,0.9789369423330445,10,,0.8800346541479801,48,,,0.0005,0.5356386791040606,,0.2,80,20,,596.5997515661784,49.53369188308716,meta_train_support,MARGO-SPLIT-v1,33.04853653907776
0.0005,0.0,,576.1211886347281,20,0.8805953001180947,20,10000,mrlco_first_order_mean_pseudogradient,0.8062379682929506,fixed_literature_derived_defaults,0,50,3,0.07024544323204879,55.52197810900373,0.9696355197836816,10,,0.8805953001180947,49,,,0.0005,0.5866490562896086,,0.2,80,20,,593.9274471113205,49.08808732032776,meta_train_support,MARGO-SPLIT-v1,31.689199209213257
0.0005,0.0,0.862598056533004,644.2049128921823,20,0.8589873754048291,20,10000,mrlco_first_order_mean_pseudogradient,0.7860205239031505,fixed_literature_derived_defaults,0,51,3,0.0810307017841876,63.93719928418791,0.9723230284393782,10,0.8631870714272551,0.8589873754048291,50,validation_query_composite_objective,1,0.0005,0.46721627159144624,631.8146879027729,0.2,80,20,631.2988564960353,612.407882079683,49.79428577423096,meta_train_support,MARGO-SPLIT-v1,32.58527493476868
0.0005,0.0,,636.1230119820705,20,0.86002926461759,20,10000,mrlco_first_order_mean_pseudogradient,0.7876468666131982,fixed_literature_derived_defaults,0,52,3,0.0873081390473282,62.54432107721678,0.9795153004885647,10,,0.86002926461759,51,,,0.0005,0.49086933716539954,,0.2,80,20,,608.265731272275,50.77177619934082,meta_train_support,MARGO-SPLIT-v1,33.02047848701477
0.0005,0.0,,673.3406345638085,20,0.8548007675631197,20,10000,mrlco_first_order_mean_pseudogradient,0.7844782508034357,fixed_literature_derived_defaults,0,53,3,0.08554556279704963,68.55130102456502,0.9742141469230275,10,,0.8548007675631197,52,,,0.0005,0.513225727708331,,0.2,80,20,,611.6503877152307,49.92191934585571,meta_train_support,MARGO-SPLIT-v1,33.497234582901
0.0005,0.0,,647.4982517249871,20,0.8552096782981118,20,10000,mrlco_first_order_mean_pseudogradient,0.7831391922468036,fixed_literature_derived_defaults,0,54,3,0.08707334937919071,63.16852281620053,0.9787636849329531,10,,0.8552096782981116,53,,,0.0005,0.4609838104318148,,0.2,80,20,,626.0897611583982,50.107757329940796,meta_train_support,MARGO-SPLIT-v1,32.539862871170044
0.0005,0.0,,635.5721660547721,20,0.8633012584982928,20,10000,mrlco_first_order_mean_pseudogradient,0.7912525218154154,fixed_literature_derived_defaults,0,55,3,0.08570258493160522,62.690543942698675,0.9787636849329531,10,,0.8633012584982928,54,,,0.0005,0.44735750446711164,,0.2,80,20,,608.2538504993166,50.12800407409668,meta_train_support,MARGO-SPLIT-v1,31.718228340148926
0.0005,0.0,,644.5171769343635,20,0.8607890533761143,20,10000,mrlco_first_order_mean_pseudogradient,0.7891607011617753,fixed_literature_derived_defaults,0,56,3,0.0831173564574523,63.11676268012434,0.9779388086232913,10,,0.8607890533761143,55,,,0.0005,0.572433271884984,,0.2,80,20,,621.7870214159011,50.18328070640564,meta_train_support,MARGO-SPLIT-v1,32.92164611816406
0.0005,0.0,,646.3390290812752,20,0.8598290424127283,20,10000,mrlco_first_order_mean_pseudogradient,0.7877199312503563,fixed_literature_derived_defaults,0,57,3,0.08319723458875396,63.78247179972349,0.9719889783579164,10,,0.8598290424127283,56,,,0.0005,0.5383677638488031,,0.2,80,20,,606.2800599221092,49.29003548622131,meta_train_support,MARGO-SPLIT-v1,32.636040687561035
0.0005,0.0,,625.9577021115902,20,0.8574705336070605,20,10000,mrlco_first_order_mean_pseudogradient,0.7835553626755634,fixed_literature_derived_defaults,0,58,3,0.07857623680175621,61.52272295419513,0.9787636849329531,10,,0.8574705336070605,57,,,0.0005,0.5347038558052062,,0.2,80,20,,620.2039853196552,50.42724013328552,meta_train_support,MARGO-SPLIT-v1,32.05769872665405
0.0005,0.0,,589.0525302969033,20,0.8718348200252627,20,10000,mrlco_first_order_mean_pseudogradient,0.7955599843275577,fixed_literature_derived_defaults,0,59,3,0.073429120173358,55.627786640385594,0.9800538905729048,10,,0.8718348200252627,58,,,0.0005,0.5697006484125292,,0.2,80,20,,608.2210639092717,48.78010535240173,meta_train_support,MARGO-SPLIT-v1,32.72830653190613
0.0005,0.0,,648.9996581842069,20,0.8630340298215521,20,10000,mrlco_first_order_mean_pseudogradient,0.7911557513213178,fixed_literature_derived_defaults,0,60,3,0.07496409083199834,63.521458842627005,0.9784217361301234,10,,0.8630340298215521,59,,,0.0005,0.5010084820756537,,0.2,80,20,,611.5240871865273,48.34221816062927,meta_train_support,MARGO-SPLIT-v1,32.77189874649048
0.0005,0.0,,608.8472393787888,20,0.8631913906076445,20,10000,mrlco_first_order_mean_pseudogradient,0.789021369519977,fixed_literature_derived_defaults,0,61,3,0.08530023985009808,58.47805952508224,0.9795153004885647,10,,0.8631913906076445,60,,,0.0005,0.5378658027871469,,0.2,80,20,,620.1881528224808,49.77957582473755,meta_train_support,MARGO-SPLIT-v1,32.668444871902466
0.0005,0.0,,609.6824861059176,20,0.8711343571505266,20,10000,mrlco_first_order_mean_pseudogradient,0.7983095537371789,fixed_literature_derived_defaults,0,62,3,0.07857640697824522,59.43774350159334,0.9789369423330445,10,,0.8711343571505268,61,,,0.0005,0.49086933716539954,,0.2,80,20,,600.7723589214597,49.90483784675598,meta_train_support,MARGO-SPLIT-v1,32.2261061668396
0.0005,0.0,,594.1749260728087,20,0.8743899406801935,20,10000,mrlco_first_order_mean_pseudogradient,0.8002273633975859,fixed_literature_derived_defaults,0,63,3,0.06664304249996877,56.38427716092333,0.9787636849329531,10,,0.8743899406801933,62,,,0.0005,0.6063948904046083,,0.2,80,20,,602.9971538121223,47.36283278465271,meta_train_support,MARGO-SPLIT-v1,32.83817768096924
0.0005,0.0,,600.2277362984275,20,0.8716822591079646,20,10000,mrlco_first_order_mean_pseudogradient,0.797217214221914,fixed_literature_derived_defaults,0,64,3,0.07031785786654311,60.422805470033595,0.9744293650689607,10,,0.8716822591079646,63,,,0.0005,0.5462000936727952,,0.2,80,20,,611.2010272016253,51.114816665649414,meta_train_support,MARGO-SPLIT-v1,31.21724557876587
0.0005,0.0,,572.2820922637027,20,0.8769234287459811,20,10000,mrlco_first_order_mean_pseudogradient,0.8019331317682158,fixed_literature_derived_defaults,0,65,3,0.06798330376241161,54.533489920496486,0.9784217361301234,10,,0.8769234287459811,64,,,0.0005,0.5419929239259456,,0.2,80,20,,599.3821149325915,48.3150053024292,meta_train_support,MARGO-SPLIT-v1,31.745315313339233
0.0005,0.0,,679.1541831352929,20,0.8439900060442816,20,10000,mrlco_first_order_mean_pseudogradient,0.7739275977038363,fixed_literature_derived_defaults,0,66,3,0.08127916918747251,67.99621822985421,0.9671291418894891,10,,0.8439900060442819,65,,,0.0005,0.509353806198658,,0.2,80,20,,627.2494140342576,49.93134260177612,meta_train_support,MARGO-SPLIT-v1,32.88778901100159
0.0005,0.0,,611.7874660871016,20,0.8716823356811157,20,10000,mrlco_first_order_mean_pseudogradient,0.7989859616901913,fixed_literature_derived_defaults,0,67,3,0.07264397526240371,61.23832250466919,0.9751981940110984,10,,0.8716823356811157,66,,,0.0005,0.5926521723830994,,0.2,80,20,,607.5547232284138,48.286190032958984,meta_train_support,MARGO-SPLIT-v1,32.82418727874756
0.0005,0.0,,597.0636901672976,20,0.8746964497705371,20,10000,mrlco_first_order_mean_pseudogradient,0.7997931618134467,fixed_literature_derived_defaults,0,68,3,0.062122352086133946,57.13498714899565,0.9710428344139613,10,,0.8746964497705371,67,,,0.0005,0.5760244777020342,,0.2,80,20,,604.8286750537737,48.81402921676636,meta_train_support,MARGO-SPLIT-v1,31.94335675239563
0.0005,0.0,,636.4140720779487,20,0.8655661088246965,20,10000,mrlco_first_order_mean_pseudogradient,0.7945499980535251,fixed_literature_derived_defaults,0,69,3,0.07568511643870707,64.42420684857544,0.9787636849329531,10,,0.8655661088246965,68,,,0.0005,0.557154051639235,,0.2,80,20,,608.002232792609,48.238131046295166,meta_train_support,MARGO-SPLIT-v1,32.673856019973755
0.0005,0.0,,634.0474025234971,20,0.8596544592901483,20,10000,mrlco_first_order_mean_pseudogradient,0.786281558654947,fixed_literature_derived_defaults,0,70,3,0.07931597693585507,60.87293796312851,0.9779660557653764,10,,0.8596544592901483,69,,,0.0005,0.499624458530754,,0.2,80,20,,619.9524949944359,50.33484959602356,meta_train_support,MARGO-SPLIT-v1,32.59040570259094
0.0005,0.0,,622.3298412302944,20,0.8720614473768701,20,10000,mrlco_first_order_mean_pseudogradient,0.7985414402415918,fixed_literature_derived_defaults,0,71,3,0.06791742257840848,61.201955886884846,0.9795153004885647,10,,0.8720614473768701,70,,,0.0005,0.5534564529480163,,0.2,80,20,,609.9060727842194,48.29071092605591,meta_train_support,MARGO-SPLIT-v1,32.29489779472351
0.0005,0.0,,591.7062843150303,20,0.8775387081982801,20,10000,mrlco_first_order_mean_pseudogradient,0.8029318413279907,fixed_literature_derived_defaults,0,72,3,0.07106006918842328,55.538331790579285,0.9787636849329531,10,,0.8775387081982801,71,,,0.0005,0.5510567855163622,,0.2,80,20,,605.3646258641106,48.07766318321228,meta_train_support,MARGO-SPLIT-v1,31.632772207260132
0.0005,0.0,,619.431188889746,20,0.8617853259778602,20,10000,mrlco_first_order_mean_pseudogradient,0.7869819152681766,fixed_literature_derived_defaults,0,73,3,0.08468208759058299,57.58882561124987,0.9726708178992625,10,,0.8617853259778602,72,,,0.0005,0.5253575368234713,,0.2,80,20,,608.2210639092717,50.0449652671814,meta_train_support,MARGO-SPLIT-v1,33.5506374835968
0.0005,0.0,,672.7851877982154,20,0.8552470109751168,20,10000,mrlco_first_order_mean_pseudogradient,0.7834625568421132,fixed_literature_derived_defaults,0,74,3,0.0785289885312075,67.03685277816663,0.9784217361301234,10,,0.8552470109751168,73,,,0.0005,0.4992331591731667,,0.2,80,20,,626.0773488674846,50.15962028503418,meta_train_support,MARGO-SPLIT-v1,33.0010130405426
0.0005,0.0,,648.4129050258855,20,0.8550146806030864,20,10000,mrlco_first_order_mean_pseudogradient,0.7823022942737505,fixed_literature_derived_defaults,0,75,3,0.08172456235631989,63.90438776400044,0.9779388086232913,10,,0.8550146806030864,74,,,0.0005,0.4995509685297925,,0.2,80,20,,620.5657087816647,50.13878059387207,meta_train_support,MARGO-SPLIT-v1,32.706340312957764
0.0005,0.0,,616.8321460083607,20,0.8669159892834166,20,10000,mrlco_first_order_mean_pseudogradient,0.7934254391072406,fixed_literature_derived_defaults,0,76,3,0.07231258023513289,59.421785863911666,0.974189033614917,10,,0.8669159892834166,75,,,0.0005,0.5502478078275407,,0.2,80,20,,608.9759090321813,52.5946946144104,meta_train_support,MARGO-SPLIT-v1,33.063642740249634
0.0005,0.0,,602.4965046956348,20,0.8704335835784004,20,10000,mrlco_first_order_mean_pseudogradient,0.7957472081439215,fixed_literature_derived_defaults,0,77,3,0.07557755284611876,56.06623416549132,0.9787636849329531,10,,0.8704335835784004,76,,,0.0005,0.5652547561242964,,0.2,80,20,,601.7307341818129,49.2046902179718,meta_train_support,MARGO-SPLIT-v1,31.117064237594604
0.0005,0.0,,593.1713162244007,20,0.8666116603794936,20,10000,mrlco_first_order_mean_pseudogradient,0.7912918054256024,fixed_literature_derived_defaults,0,78,3,0.07094315176610347,55.26770952557989,0.9751981940110984,10,,0.8666116603794936,77,,,0.0005,0.5332978646684589,,0.2,80,20,,600.4273303575243,48.995065450668335,meta_train_support,MARGO-SPLIT-v1,31.466356992721558
0.0005,0.0,,611.5799158111736,20,0.8664415614178288,20,10000,mrlco_first_order_mean_pseudogradient,0.7903528005140098,fixed_literature_derived_defaults,0,79,3,0.06871439004664126,56.123455557481,0.9679264654682237,10,,0.8664415614178288,78,,,0.0005,0.559937965581154,,0.2,80,20,,600.7989132000922,50.2897002696991,meta_train_support,MARGO-SPLIT-v1,32.92914628982544
0.0005,0.0,,681.4556531469713,20,0.853697251357252,20,10000,mrlco_first_order_mean_pseudogradient,0.781813070913771,fixed_literature_derived_defaults,0,80,3,0.08172584525845848,65.94029722852822,0.9795153004885647,10,,0.853697251357252,79,,,0.0005,0.5076408060168348,,0.2,80,20,,623.1213491859572,49.48725390434265,meta_train_support,MARGO-SPLIT-v1,32.42568612098694
0.0005,0.0,,629.3496251756096,20,0.8611692759478349,20,10000,mrlco_first_order_mean_pseudogradient,0.7864485197173228,fixed_literature_derived_defaults,0,81,3,0.08277891190519261,58.37800713469729,0.977751796323743,10,,0.8611692759478349,80,,,0.0005,0.5238246035158233,,0.2,80,20,,612.5684710147721,49.57622742652893,meta_train_support,MARGO-SPLIT-v1,32.08467388153076
0.0005,0.0,,618.5800842107554,20,0.8709574701601418,20,10000,mrlco_first_order_mean_pseudogradient,0.7969768503650861,fixed_literature_derived_defaults,0,82,3,0.07068666556998399,57.59102575625846,0.9726708178992625,10,,0.8709574701601418,81,,,0.0005,0.5711656949843206,,0.2,80,20,,601.5995020062173,49.915000200271606,meta_train_support,MARGO-SPLIT-v1,32.79592967033386
0.0005,0.0,,644.3564983897768,20,0.8616724608828896,20,10000,mrlco_first_order_mean_pseudogradient,0.7906654224884014,fixed_literature_derived_defaults,0,83,3,0.076885689033665,62.898357126978084,0.9789369423330445,10,,0.8616724608828896,82,,,0.0005,0.4210295952421872,,0.2,80,20,,612.5103353151186,47.926783084869385,meta_train_support,MARGO-SPLIT-v1,30.92773938179016
0.0005,0.0,,595.6912202054474,20,0.8737691691356274,20,10000,mrlco_first_order_mean_pseudogradient,0.8032577266329889,fixed_literature_derived_defaults,0,84,3,0.07748661505500896,56.95210152218393,0.9787636849329531,10,,0.8737691691356274,83,,,0.0005,0.5278011459609099,,0.2,80,20,,592.0244387163981,46.96659445762634,meta_train_support,MARGO-SPLIT-v1,32.162304162979126
0.0005,0.0,,643.3984223589952,20,0.8681623526696849,20,10000,mrlco_first_order_mean_pseudogradient,0.7978729930997308,fixed_literature_derived_defaults,0,85,3,0.08000107993257685,61.857291735631726,0.9734796126361372,10,,0.8681623526696849,84,,,0.0005,0.5146555045101703,,0.2,80,20,,612.8156950124469,49.152191162109375,meta_train_support,MARGO-SPLIT-v1,32.443790674209595
0.0005,0.0,,587.1865056814057,20,0.8725773645287492,20,10000,mrlco_first_order_mean_pseudogradient,0.7974178995548381,fixed_literature_derived_defaults,0,86,3,0.07525583888122327,52.591961201168935,0.9779660557653764,10,,0.872577364528749,85,,,0.0005,0.5095601478449046,,0.2,80,20,,603.5720256858144,49.41753816604614,meta_train_support,MARGO-SPLIT-v1,31.81058144569397
0.0005,0.0,,624.7862750218078,20,0.8624870411150048,20,10000,mrlco_first_order_mean_pseudogradient,0.7883166069181547,fixed_literature_derived_defaults,0,87,3,0.08267288533453657,58.37841217617564,0.977751796323743,10,,0.8624870411150048,86,,,0.0005,0.5535658005959836,,0.2,80,20,,608.369044953319,50.09161376953125,meta_train_support,MARGO-SPLIT-v1,31.81682586669922
0.0005,0.0,,582.3390921301977,20,0.8773479609457019,20,10000,mrlco_first_order_mean_pseudogradient,0.8048846553099153,fixed_literature_derived_defaults,0,88,3,0.07258489234430389,54.403195259844374,0.9787636849329531,10,,0.8773479609457019,87,,,0.0005,0.5577032712154933,,0.2,80,20,,596.5325412389072,47.91342353820801,meta_train_support,MARGO-SPLIT-v1,31.333343029022217
0.0005,0.0,,608.7980084453746,20,0.8690694884999514,20,10000,mrlco_first_order_mean_pseudogradient,0.7956033906116317,fixed_literature_derived_defaults,0,89,3,0.06639458908640565,57.0129146477858,0.974189033614917,10,,0.8690694884999511,88,,,0.0005,0.5829887441557964,,0.2,80,20,,615.9961394714492,48.06794810295105,meta_train_support,MARGO-SPLIT-v1,31.601336240768433
0.0005,0.0,,635.2596178867273,20,0.8629030387440587,20,10000,mrlco_first_order_mean_pseudogradient,0.7900714831614917,fixed_literature_derived_defaults,0,90,3,0.07218525066040334,60.446364214143706,0.9723230284393782,10,,0.8629030387440587,89,,,0.0005,0.5993101836199474,,0.2,80,20,,608.7267883951869,48.18612360954285,meta_train_support,MARGO-SPLIT-v1,32.7448251247406
0.0005,0.0,,609.4379154599872,20,0.8660849125693528,20,10000,mrlco_first_order_mean_pseudogradient,0.7925702775163687,fixed_literature_derived_defaults,0,91,3,0.08192285721779699,57.14357281947643,0.9779388086232913,10,,0.8660849125693528,90,,,0.0005,0.538327206445626,,0.2,80,20,,604.0680863912992,50.26545238494873,meta_train_support,MARGO-SPLIT-v1,29.703934907913208
0.0005,0.0,,576.6450507398074,20,0.8827593385934751,20,10000,mrlco_first_order_mean_pseudogradient,0.8063143157541327,fixed_literature_derived_defaults,0,92,3,0.05490073112756572,52.190052862369924,0.9779660557653764,10,,0.882759338593475,91,,,0.0005,0.4786401275663795,,0.2,80,20,,603.2889845037051,49.44044327735901,meta_train_support,MARGO-SPLIT-v1,31.45838689804077
0.0005,0.0,,583.1957257322694,20,0.8808420738628374,20,10000,mrlco_first_order_mean_pseudogradient,0.8079686646876884,fixed_literature_derived_defaults,0,93,3,0.07722455320535439,53.02488875182032,0.9733354334688781,10,,0.8808420738628372,92,,,0.0005,0.548455447935279,,0.2,80,20,,590.5124281566892,49.25541663169861,meta_train_support,MARGO-SPLIT-v1,31.493664026260376
0.0005,0.0,,690.3813684983609,20,0.847404404229572,20,10000,mrlco_first_order_mean_pseudogradient,0.7755040660139644,fixed_literature_derived_defaults,0,94,3,0.07930898231888103,67.18734225051347,0.974189033614917,10,,0.847404404229572,93,,,0.0005,0.5576922679414821,,0.2,80,20,,632.1275647772653,49.282535791397095,meta_train_support,MARGO-SPLIT-v1,31.076445817947388
0.0005,0.0,,583.991223449286,20,0.8782149346524393,20,10000,mrlco_first_order_mean_pseudogradient,0.8053079752495154,fixed_literature_derived_defaults,0,95,3,0.07874171058819081,54.14751974948846,0.9789369423330445,10,,0.8782149346524393,94,,,0.0005,0.525103490130808,,0.2,80,20,,599.4102373226983,47.81082582473755,meta_train_support,MARGO-SPLIT-v1,32.991377115249634
0.0005,0.0,,584.7754360973221,20,0.8746574315138314,20,10000,mrlco_first_order_mean_pseudogradient,0.797612032104138,fixed_literature_derived_defaults,0,96,3,0.07402420796592636,52.190443047325026,0.9726708178992625,10,,0.8746574315138314,95,,,0.0005,0.5354819610108758,,0.2,80,20,,599.3740072325025,51.37204313278198,meta_train_support,MARGO-SPLIT-v1,33.03596591949463
0.0005,0.0,,670.8907596843311,20,0.8594165601518292,20,10000,mrlco_first_order_mean_pseudogradient,0.7881594966133358,fixed_literature_derived_defaults,0,97,3,0.07749188015097447,64.76335080993337,0.9742141469230275,10,,0.8594165601518292,96,,,0.0005,0.5425533159209213,,0.2,80,20,,625.4704847886221,49.54771566390991,meta_train_support,MARGO-SPLIT-v1,33.06282901763916
0.0005,0.0,,668.9404786669022,20,0.8539467501343379,20,10000,mrlco_first_order_mean_pseudogradient,0.78306853284381,fixed_literature_derived_defaults,0,98,3,0.08470597182748967,66.00004476219979,0.9779660557653764,10,,0.8539467501343379,97,,,0.0005,0.5253575368234713,,0.2,80,20,,623.6965647092547,50.52860426902771,meta_train_support,MARGO-SPLIT-v1,32.88135766983032
0.0005,0.0,,670.4385360622624,20,0.8559506978922451,20,10000,mrlco_first_order_mean_pseudogradient,0.7854959781943268,fixed_literature_derived_defaults,0,99,3,0.08678362790537754,66.16988713376813,0.9789369423330445,10,,0.8559506978922451,98,,,0.0005,0.5333517588096611,,0.2,80,20,,618.9155890945706,48.75911498069763,meta_train_support,MARGO-SPLIT-v1,33.20297312736511
0.0005,0.0,,590.8113654648223,20,0.8762770175754824,20,10000,mrlco_first_order_mean_pseudogradient,0.8023473209155157,fixed_literature_derived_defaults,0,100,3,0.06988186771163912,54.93376170650146,0.9731017624471252,10,,0.8762770175754824,99,,,0.0005,0.598196803111115,,0.2,80,20,,603.5249613747325,48.44103264808655,meta_train_support,MARGO-SPLIT-v1,32.674124002456665
0.0005,0.0,0.8641268429306972,643.3966499464049,20,0.8553664825679954,20,10000,mrlco_first_order_mean_pseudogradient,0.7843892181660848,fixed_literature_derived_defaults,0,101,3,0.08643453953522684,62.693302141453174,0.977751796323743,10,0.8643268073567549,0.8553664825679954,100,validation_query_composite_objective,1,0.0005,0.5216701905924519,630.8068472502624,0.2,80,20,630.5576463175187,601.8953666806766,48.42526912689209,meta_train_support,MARGO-SPLIT-v1,32.8636634349823
0.0005,0.0,,558.0056700652395,20,0.8842486922130318,20,10000,mrlco_first_order_mean_pseudogradient,0.8084032629268837,fixed_literature_derived_defaults,0,102,3,0.07011032059650014,51.60262275059885,0.9731294140089279,10,,0.8842486922130316,101,,,0.0005,0.5217111874549096,,0.2,80,20,,591.5420399643489,50.21423316001892,meta_train_support,MARGO-SPLIT-v1,32.226441621780396
0.0005,0.0,,661.0278077594171,20,0.8577638113156252,20,10000,mrlco_first_order_mean_pseudogradient,0.7862203850740563,fixed_literature_derived_defaults,0,103,3,0.08178545693887905,64.81841021322964,0.9779388086232913,10,,0.8577638113156251,102,,,0.0005,0.515210447963179,,0.2,80,20,,611.1647586892536,49.62209701538086,meta_train_support,MARGO-SPLIT-v1,32.65492367744446
0.0005,0.0,,666.9205097392504,20,0.8479920766516116,20,10000,mrlco_first_order_mean_pseudogradient,0.7756957877209667,fixed_literature_derived_defaults,0,104,3,0.0842701443146889,64.99896633165517,0.9779388086232913,10,,0.8479920766516116,103,,,0.0005,0.515210447963179,,0.2,80,20,,623.4536158084187,49.18193030357361,meta_train_support,MARGO-SPLIT-v1,32.81312918663025
0.0005,0.0,,653.3717845489244,20,0.8570833012638066,20,10000,mrlco_first_order_mean_pseudogradient,0.7829327286604899,fixed_literature_derived_defaults,0,105,3,0.08017973897223746,62.839917921512495,0.9759365491289579,10,,0.8570833012638068,104,,,0.0005,0.5339617416941514,,0.2,80,20,,619.9590403029305,49.92713260650635,meta_train_support,MARGO-SPLIT-v1,32.37092971801758
0.0005,0.0,,629.4887976121031,20,0.861620336623284,20,10000,mrlco_first_order_mean_pseudogradient,0.7887977459122317,fixed_literature_derived_defaults,0,106,3,0.08265376714100993,61.72001764091988,0.9784217361301234,10,,0.861620336623284,105,,,0.0005,0.523503341041392,,0.2,80,20,,615.5452833157675,49.02766704559326,meta_train_support,MARGO-SPLIT-v1,32.27941346168518
0.0005,0.0,,632.2792119595227,20,0.8594015677038406,20,10000,mrlco_first_order_mean_pseudogradient,0.7861605176224824,fixed_literature_derived_defaults,0,107,3,0.08122433779530355,61.27115161031794,0.9734796126361372,10,,0.8594015677038406,106,,,0.0005,0.5535658005959836,,0.2,80,20,,617.1919519923891,47.64891290664673,meta_train_support,MARGO-SPLIT-v1,32.64256453514099
0.0005,0.0,,663.3549348353454,20,0.8464934624140614,20,10000,mrlco_first_order_mean_pseudogradient,0.7748061014950831,fixed_literature_derived_defaults,0,108,3,0.08182405654666232,66.12334886995501,0.9784217361301234,10,,0.8464934624140614,107,,,0.0005,0.5308263855943602,,0.2,80,20,,623.2156947213036,50.38293147087097,meta_train_support,MARGO-SPLIT-v1,32.11541938781738
0.0005,0.0,,668.9673150172642,20,0.85795189096015,20,10000,mrlco_first_order_mean_pseudogradient,0.7863773251457018,fixed_literature_derived_defaults,0,109,3,0.07968798994460015,67.80553785978442,0.977751796323743,10,,0.85795189096015,108,,,0.0005,0.5605772521478817,,0.2,80,20,,610.890971416051,47.95906925201416,meta_train_support,MARGO-SPLIT-v1,32.74958419799805
0.0005,0.0,,560.466408778587,20,0.8885829167503551,20,10000,mrlco_first_order_mean_pseudogradient,0.8146424654792025,fixed_literature_derived_defaults,0,110,3,0.06354030161740218,55.370292235888236,0.9779660557653764,10,,0.8885829167503551,109,,,0.0005,0.5474174669744354,,0.2,80,20,,590.0392056865692,47.352017879486084,meta_train_support,MARGO-SPLIT-v1,32.3821280002594
0.0005,0.0,,585.5710538914734,20,0.8728253640042795,20,10000,mrlco_first_order_mean_pseudogradient,0.7983066659798508,fixed_literature_derived_defaults,0,111,3,0.07364166870908252,55.781835446712606,0.9723230284393782,10,,0.8728253640042795,110,,,0.0005,0.5118510761475867,,0.2,80,20,,598.6672496788569,50.07094073295593,meta_train_support,MARGO-SPLIT-v1,31.881015062332153
0.0005,0.0,,659.2789496708203,20,0.848414907967858,20,10000,mrlco_first_order_mean_pseudogradient,0.7764629301328855,fixed_literature_derived_defaults,0,112,3,0.08350936214662893,66.51976339345485,0.9697265279629581,10,,0.848414907967858,111,,,0.0005,0.5199036042305849,,0.2,80,20,,619.4621114134653,48.95994472503662,meta_train_support,MARGO-SPLIT-v1,32.417091846466064
0.0005,0.0,,658.5823999361502,20,0.851500242669566,20,10000,mrlco_first_order_mean_pseudogradient,0.7782060231654674,fixed_literature_derived_defaults,0,113,3,0.08604098994432571,63.15325673938375,0.9787636849329531,10,,0.851500242669566,112,,,0.0005,0.4995509685297925,,0.2,80,20,,623.4125521687644,49.74021887779236,meta_train_support,MARGO-SPLIT-v1,32.19530487060547
0.0005,0.0,,614.7167768111365,20,0.870110907125602,20,10000,mrlco_first_order_mean_pseudogradient,0.7969650099062142,fixed_literature_derived_defaults,0,114,3,0.07863420267308027,60.28914540823044,0.9744293650689607,10,,0.8701109071256021,113,,,0.0005,0.524751013114901,,0.2,80,20,,612.059508987195,48.38031792640686,meta_train_support,MARGO-SPLIT-v1,32.5105836391449
0.0005,0.0,,626.3771361335278,20,0.8570567157960267,20,10000,mrlco_first_order_mean_pseudogradient,0.7840488369751986,fixed_literature_derived_defaults,0,115,3,0.07797434352522457,62.97404430882781,0.9693975262459571,10,,0.8570567157960266,114,,,0.0005,0.5215033033384257,,0.2,80,20,,619.6408502488543,49.03780460357666,meta_train_support,MARGO-SPLIT-v1,32.68076229095459
0.0005,0.0,,620.5850833331066,20,0.8687402060839094,20,10000,mrlco_first_order_mean_pseudogradient,0.793470597372555,fixed_literature_derived_defaults,0,116,3,0.0710238752467883,59.66071295924536,0.9767399585877231,10,,0.8687402060839094,115,,,0.0005,0.5303077539787373,,0.2,80,20,,617.708528258024,49.84538674354553,meta_train_support,MARGO-SPLIT-v1,32.074676752090454
0.0005,0.0,,569.7002803446088,20,0.8784785794669558,20,10000,mrlco_first_order_mean_pseudogradient,0.8019754526285264,fixed_literature_derived_defaults,0,117,3,0.07497715029122605,52.404778691845486,0.9795153004885647,10,,0.8784785794669558,116,,,0.0005,0.5051007576094114,,0.2,80,20,,602.0454800906726,49.41112184524536,meta_train_support,MARGO-SPLIT-v1,32.10983180999756
0.0005,0.0,,633.7757274981063,20,0.860982097511609,20,10000,mrlco_first_order_mean_pseudogradient,0.7890471619405033,fixed_literature_derived_defaults,0,118,3,0.08395390081312305,61.15875020186489,0.9795153004885647,10,,0.860982097511609,117,,,0.0005,0.5665022517395337,,0.2,80,20,,608.2644613552502,49.162391901016235,meta_train_support,MARGO-SPLIT-v1,32.40085196495056
0.0005,0.0,,687.3029023317132,20,0.8458084847941072,20,10000,mrlco_first_order_mean_pseudogradient,0.774902033644547,fixed_literature_derived_defaults,0,119,3,0.08498134527440593,68.41556924170925,0.9789369423330445,10,,0.8458084847941072,118,,,0.0005,0.5051007576094114,,0.2,80,20,,626.9145598863194,49.52235174179077,meta_train_support,MARGO-SPLIT-v1,32.029757022857666
0.0005,0.0,,563.7268839736788,20,0.8872958083612581,20,10000,mrlco_first_order_mean_pseudogradient,0.811349109055554,fixed_literature_derived_defaults,0,120,3,0.054081331044771745,51.57253962506208,0.9802400228079494,10,,0.8872958083612581,119,,,0.0005,0.6465594961750346,,0.2,80,20,,589.8151023207664,47.321305990219116,meta_train_support,MARGO-SPLIT-v1,32.168712854385376
0.0005,0.0,,610.9230931817164,20,0.8727090541357307,20,10000,mrlco_first_order_mean_pseudogradient,0.7986537832051125,fixed_literature_derived_defaults,0,121,3,0.07309657186703598,58.558947036189934,0.9787636849329531,10,,0.8727090541357305,120,,,0.0005,0.5391902640100501,,0.2,80,20,,603.3778023541178,48.98881959915161,meta_train_support,MARGO-SPLIT-v1,31.461892127990723
0.0005,0.0,,664.005492632408,20,0.8561510740784258,20,10000,mrlco_first_order_mean_pseudogradient,0.7856107231343414,fixed_literature_derived_defaults,0,122,3,0.08340264203307446,65.29017916686858,0.9779388086232913,10,,0.8561510740784258,121,,,0.0005,0.5332978646684589,,0.2,80,20,,615.0033162066052,47.98052191734314,meta_train_support,MARGO-SPLIT-v1,32.22147870063782
0.0005,0.0,,592.2174929203156,20,0.8696085374849912,20,10000,mrlco_first_order_mean_pseudogradient,0.7952413013197179,fixed_literature_derived_defaults,0,123,3,0.07235090936486063,55.941669632895014,0.9779660557653764,10,,0.8696085374849912,122,,,0.0005,0.6162462644940859,,0.2,80,20,,601.8506993176733,50.24574637413025,meta_train_support,MARGO-SPLIT-v1,31.71630835533142
0.0005,0.0,,671.9787890875122,20,0.8506149452578237,20,10000,mrlco_first_order_mean_pseudogradient,0.7786847836563385,fixed_literature_derived_defaults,0,124,3,0.08159104619938454,65.48994560486346,0.9723230284393782,10,,0.8506149452578237,123,,,0.0005,0.5852731630405846,,0.2,80,20,,624.2874898090226,50.53293490409851,meta_train_support,MARGO-SPLIT-v1,32.50022315979004
0.0005,0.0,,620.9419400129577,20,0.8681635525961215,20,10000,mrlco_first_order_mean_pseudogradient,0.7923230288346316,fixed_literature_derived_defaults,0,125,3,0.06994412881685998,57.67744767806276,0.9751981940110984,10,,0.8681635525961215,124,,,0.0005,0.5578355311828489,,0.2,80,20,,604.1011048806598,50.712884187698364,meta_train_support,MARGO-SPLIT-v1,32.2712938785553
0.0005,0.0,,692.9916333565494,20,0.8414180728271871,20,10000,mrlco_first_order_mean_pseudogradient,0.7713854682027901,fixed_literature_derived_defaults,0,126,3,0.08890128536464438,67.64859932863743,0.9789369423330445,10,,0.8414180728271871,125,,,0.0005,0.5051007576094114,,0.2,80,20,,631.0870275154931,50.9876811504364,meta_train_support,MARGO-SPLIT-v1,32.51582074165344
0.0005,0.0,,570.1806748962621,20,0.8790006736629037,20,10000,mrlco_first_order_mean_pseudogradient,0.8050683031836335,fixed_literature_derived_defaults,0,127,3,0.06664281855997797,53.24578465340575,0.9744293650689607,10,,0.8790006736629039,126,,,0.0005,0.5640573040462921,,0.2,80,20,,595.3714097695895,47.4192316532135,meta_train_support,MARGO-SPLIT-v1,31.962188482284546
0.0005,0.0,,653.8048068872615,20,0.8591614129308226,20,10000,mrlco_first_order_mean_pseudogradient,0.7878214216239988,fixed_literature_derived_defaults,0,128,3,0.08346854466330894,63.25471129063093,0.9795153004885647,10,,0.8591614129308227,127,,,0.0005,0.4210295952421872,,0.2,80,20,,610.8548123111725,49.131412982940674,meta_train_support,MARGO-SPLIT-v1,32.21654558181763
0.0005,0.0,,636.5260266165202,20,0.8650827257370335,20,10000,mrlco_first_order_mean_pseudogradient,0.7937119786911256,fixed_literature_derived_defaults,0,129,3,0.07689687945967004,63.203028046251134,0.9751981940110984,10,,0.8650827257370336,128,,,0.0005,0.5399959208230023,,0.2,80,20,,607.3334895290511,47.766159534454346,meta_train_support,MARGO-SPLIT-v1,31.88193416595459
0.0005,0.0,,630.7048740938964,20,0.8643275570993489,20,10000,mrlco_first_order_mean_pseudogradient,0.7881897703993326,fixed_literature_derived_defaults,0,130,3,0.07415392122261157,56.69807668938092,0.9751981940110984,10,,0.8643275570993489,129,,,0.0005,0.4548089066941768,,0.2,80,20,,612.3207774875641,49.22704219818115,meta_train_support,MARGO-SPLIT-v1,31.09236717224121
0.0005,0.0,,625.8344277357361,20,0.8659936456628944,20,10000,mrlco_first_order_mean_pseudogradient,0.7938912115064937,fixed_literature_derived_defaults,0,131,3,0.06696925202639936,62.109122826843475,0.9733354334688781,10,,0.8659936456628944,130,,,0.0005,0.5556514249776666,,0.2,80,20,,598.0811999346732,47.43069267272949,meta_train_support,MARGO-SPLIT-v1,31.070074558258057
0.0005,0.0,,628.0432906995079,20,0.8684654281464497,20,10000,mrlco_first_order_mean_pseudogradient,0.7940567464582887,fixed_literature_derived_defaults,0,132,3,0.07548370856724637,59.92915806626866,0.9742141469230275,10,,0.8684654281464497,131,,,0.0005,0.551634902349969,,0.2,80,20,,619.4598870146342,50.632750272750854,meta_train_support,MARGO-SPLIT-v1,31.467421531677246
0.0005,0.0,,701.6526497395121,20,0.8379189231462814,20,10000,mrlco_first_order_mean_pseudogradient,0.7669971472170377,fixed_literature_derived_defaults,0,133,3,0.08312132797101718,68.13717766267118,0.9576849245092208,10,,0.8379189231462814,132,,,0.0005,0.538327206445626,,0.2,80,20,,632.9803963772773,49.35199427604675,meta_train_support,MARGO-SPLIT-v1,30.289549827575684
0.0005,0.0,,597.3959712333052,20,0.8705670591037369,20,10000,mrlco_first_order_mean_pseudogradient,0.7938181714755579,fixed_literature_derived_defaults,0,134,3,0.07070336554472932,54.17665437430742,0.9744293650689607,10,,0.8705670591037369,133,,,0.0005,0.5253575368234713,,0.2,80,20,,609.4917881304059,50.756258487701416,meta_train_support,MARGO-SPLIT-v1,32.665345907211304
0.0005,0.0,,551.2808675519657,20,0.8845567579538847,20,10000,mrlco_first_order_mean_pseudogradient,0.8079990237951638,fixed_literature_derived_defaults,0,135,3,0.07081053370026986,48.93771007082694,0.9789369423330445,10,,0.8845567579538847,134,,,0.0005,0.5636242224483856,,0.2,80,20,,594.4197360481398,51.18408131599426,meta_train_support,MARGO-SPLIT-v1,32.23332905769348
0.0005,0.0,,641.3152063896915,20,0.8607524043929221,20,10000,mrlco_first_order_mean_pseudogradient,0.7875529787160699,fixed_literature_derived_defaults,0,136,3,0.07653168833413021,61.3576327187694,0.9787636849329531,10,,0.8607524043929221,135,,,0.0005,0.5312916141018473,,0.2,80,20,,613.2418629475048,51.254587173461914,meta_train_support,MARGO-SPLIT-v1,32.12123465538025
0.0005,0.0,,589.3110290163885,20,0.879162620626478,20,10000,mrlco_first_order_mean_pseudogradient,0.8033565830518549,fixed_literature_derived_defaults,0,137,3,0.05590062809904232,54.80441716511203,0.9784217361301234,10,,0.8791626206264782,136,,,0.0005,0.5361655153351902,,0.2,80,20,,602.1786891141346,49.89522862434387,meta_train_support,MARGO-SPLIT-v1,32.453333616256714
0.0005,0.0,,595.0586931876292,20,0.8762794800759443,20,10000,mrlco_first_order_mean_pseudogradient,0.8030584454611862,fixed_literature_derived_defaults,0,138,3,0.06754019317933141,55.44044166729971,0.9767399585877231,10,,0.8762794800759443,137,,,0.0005,0.5578046361037731,,0.2,80,20,,602.2106441074916,49.02525806427002,meta_train_support,MARGO-SPLIT-v1,32.42238092422485
0.0005,0.0,,638.0549379341248,20,0.8601608608643692,20,10000,mrlco_first_order_mean_pseudogradient,0.7872665868987541,fixed_literature_derived_defaults,0,139,3,0.0942322857671703,60.257296318449846,0.9795153004885647,10,,0.8601608608643692,138,,,0.0005,0.548455447935279,,0.2,80,20,,610.5323963774953,51.027666330337524,meta_train_support,MARGO-SPLIT-v1,32.562997341156006
0.0005,0.0,,646.4566069185134,20,0.8597187423495604,20,10000,mrlco_first_order_mean_pseudogradient,0.7886600301197499,fixed_literature_derived_defaults,0,140,3,0.08651973680538667,62.758865705793816,0.9787636849329531,10,,0.8597187423495604,139,,,0.0005,0.5051007576094114,,0.2,80,20,,622.7297558405741,49.849440813064575,meta_train_support,MARGO-SPLIT-v1,32.368881702423096
0.0005,0.0,,575.0153560194057,20,0.8860281768418082,20,10000,mrlco_first_order_mean_pseudogradient,0.8113025674074855,fixed_literature_derived_defaults,0,141,3,0.058367098489293424,53.08154689622884,0.9699919307341548,10,,0.8860281768418082,140,,,0.0005,0.6115005627050198,,0.2,80,20,,588.9667134314401,48.19002366065979,meta_train_support,MARGO-SPLIT-v1,31.56358814239502
0.0005,0.0,,661.6981702930315,20,0.8510246403339224,20,10000,mrlco_first_order_mean_pseudogradient,0.7804648911449544,fixed_literature_derived_defaults,0,142,3,0.09305497678866391,65.70032564288722,0.9784217361301234,10,,0.8510246403339224,141,,,0.0005,0.3775336609344398,,0.2,80,20,,620.0468405297825,50.091951847076416,meta_train_support,MARGO-SPLIT-v1,32.72037982940674
0.0005,0.0,,607.1189135332556,20,0.8694270719430064,20,10000,mrlco_first_order_mean_pseudogradient,0.7950010756623355,fixed_literature_derived_defaults,0,143,3,0.07787262076447438,59.24714496974128,0.9789369423330445,10,,0.8694270719430064,142,,,0.0005,0.41577622103693346,,0.2,80,20,,606.874217366382,49.06120157241821,meta_train_support,MARGO-SPLIT-v1,32.38799452781677
0.0005,0.0,,583.4853932691547,20,0.8667947514838201,20,10000,mrlco_first_order_mean_pseudogradient,0.7902697147688994,fixed_literature_derived_defaults,0,144,3,0.07822865582047413,56.61720627459183,0.9795153004885647,10,,0.8667947514838201,143,,,0.0005,0.41577622103693346,,0.2,80,20,,610.7942318924223,50.687076568603516,meta_train_support,MARGO-SPLIT-v1,32.16152095794678
0.0005,0.0,,625.4711054234041,20,0.8660624412241599,20,10000,mrlco_first_order_mean_pseudogradient,0.7920633355898683,fixed_literature_derived_defaults,0,145,3,0.08374374719364124,65.56402188131655,0.9802400228079494,10,,0.8660624412241601,144,,,0.0005,0.3784980251262876,,0.2,80,20,,615.1737004731996,50.73385953903198,meta_train_support,MARGO-SPLIT-v1,32.61435008049011
0.0005,0.0,,648.4359197071499,20,0.8598541031118815,20,10000,mrlco_first_order_mean_pseudogradient,0.7878910423469272,fixed_literature_derived_defaults,0,146,3,0.0777186561285815,65.5365142843174,0.9789369423330445,10,,0.8598541031118815,145,,,0.0005,0.5434076909665486,,0.2,80,20,,607.9527658988272,47.742486238479614,meta_train_support,MARGO-SPLIT-v1,31.442139387130737
0.0005,0.0,,700.9852562843323,20,0.840525019120557,20,10000,mrlco_first_order_mean_pseudogradient,0.7708399786640149,fixed_literature_derived_defaults,0,147,3,0.0894476525023742,81.03730660541653,0.9779660557653764,10,,0.840525019120557,146,,,0.0005,0.37740070197546594,,0.2,80,20,,627.2323116200582,50.361976861953735,meta_train_support,MARGO-SPLIT-v1,31.941733598709106
0.0005,0.0,,582.5183320804867,20,0.876435921465474,20,10000,mrlco_first_order_mean_pseudogradient,0.8042196894482557,fixed_literature_derived_defaults,0,148,3,0.077392798701179,65.78039996642457,0.9795153004885647,10,,0.876435921465474,147,,,0.0005,0.38992952171978784,,0.2,80,20,,591.1317045264653,47.135090589523315,meta_train_support,MARGO-SPLIT-v1,32.40358781814575
0.0005,0.0,,602.2553945331738,20,0.8725661668577838,20,10000,mrlco_first_order_mean_pseudogradient,0.7973766009092987,fixed_literature_derived_defaults,0,149,3,0.07289065105998768,60.12080725510472,0.9795153004885647,10,,0.8725661668577838,148,,,0.0005,0.5364927685590932,,0.2,80,20,,597.8541623743738,51.27505540847778,meta_train_support,MARGO-SPLIT-v1,32.15495276451111
0.0005,0.0,,598.0746385181033,20,0.8645265151340702,20,10000,mrlco_first_order_mean_pseudogradient,0.7937966688089184,fixed_literature_derived_defaults,0,150,3,0.10290840658876363,74.39004830701235,0.9800873514903096,10,,0.8645265151340702,149,,,0.0005,0.3131419345131947,,0.2,80,20,,593.0142374521528,49.87487721443176,meta_train_support,MARGO-SPLIT-v1,32.63302421569824
0.0005,0.0,0.8529315979464354,623.5329652722768,20,0.8613414098534846,20,10000,mrlco_first_order_mean_pseudogradient,0.7896693793220846,fixed_literature_derived_defaults,0,151,3,0.07663428023556262,63.52556489430783,0.977751796323743,10,0.8627250697866451,0.8613414098534846,150,validation_query_composite_objective,0,0.0005,0.5590179208126778,634.6991606434387,0.2,80,20,630.9989313131217,600.3145030834607,47.45337963104248,meta_train_support,MARGO-SPLIT-v1,32.15729522705078
0.0005,0.0,,656.0319648600047,20,0.8496622780504549,20,10000,mrlco_first_order_mean_pseudogradient,0.7792429487525844,fixed_literature_derived_defaults,0,152,3,0.09280622217089521,80.80360907866189,0.9795153004885647,10,,0.8496622780504551,151,,,0.0005,0.33734452120814185,,0.2,80,20,,602.3822656236784,48.64313721656799,meta_train_support,MARGO-SPLIT-v1,32.377623081207275
0.0005,0.0,,639.0830105392333,20,0.8564487748754995,20,10000,mrlco_first_order_mean_pseudogradient,0.7848142841152509,fixed_literature_derived_defaults,0,153,3,0.09648250753341264,78.50126730008621,0.9744293650689607,10,,0.8564487748754995,152,,,0.0005,0.4210295952421872,,0.2,80,20,,602.8732846434729,48.63924717903137,meta_train_support,MARGO-SPLIT-v1,32.49755811691284
0.0005,0.0,,676.4590645643112,20,0.8519964080868212,20,10000,mrlco_first_order_mean_pseudogradient,0.7814768470646122,fixed_literature_derived_defaults,0,154,3,0.0919823781150426,75.47361402527052,0.9787636849329531,10,,0.8519964080868212,153,,,0.0005,0.4703654163603366,,0.2,80,20,,621.5726904901913,50.186028480529785,meta_train_support,MARGO-SPLIT-v1,32.63432693481445
0.0005,0.0,,592.4551872692857,20,0.8732341761877728,20,10000,mrlco_first_order_mean_pseudogradient,0.7991986268070971,fixed_literature_derived_defaults,0,155,3,0.0759600364431388,60.97415052454082,0.9900042862309119,10,,0.8732341761877725,154,,,0.0005,0.39489738748028397,,0.2,80,20,,611.3694474157197,49.71980690956116,meta_train_support,MARGO-SPLIT-v1,33.18579816818237
0.0005,0.0,,570.9327499062838,20,0.8804499139509149,20,10000,mrlco_first_order_mean_pseudogradient,0.8061885351518971,fixed_literature_derived_defaults,0,156,3,0.0649007261952835,52.6987015886473,0.9787636849329531,10,,0.8804499139509149,155,,,0.0005,0.6126069071739318,,0.2,80,20,,591.5769291522025,47.48246383666992,meta_train_support,MARGO-SPLIT-v1,32.534467697143555
0.0005,0.0,,672.6035633346571,20,0.8503629847138138,20,10000,mrlco_first_order_mean_pseudogradient,0.7802689275887047,fixed_literature_derived_defaults,0,157,3,0.08703758214542355,67.73786775151024,0.9784217361301234,10,,0.850362984713814,156,,,0.0005,0.509353806198658,,0.2,80,20,,607.3702780718666,49.69805192947388,meta_train_support,MARGO-SPLIT-v1,31.983859300613403
0.0005,0.0,,635.0730508666352,20,0.8648995218758242,20,10000,mrlco_first_order_mean_pseudogradient,0.7944531489451562,fixed_literature_derived_defaults,0,158,3,0.08165477831210978,66.58202337423232,0.9789369423330445,10,,0.8648995218758242,157,,,0.0005,0.509353806198658,,0.2,80,20,,611.878804600048,49.332279682159424,meta_train_support,MARGO-SPLIT-v1,32.5284149646759
0.0005,0.0,,635.9046319807012,20,0.8600762537451954,20,10000,mrlco_first_order_mean_pseudogradient,0.7877372895147183,fixed_literature_derived_defaults,0,159,3,0.07196697570550002,66.47017161345792,0.9710428344139613,10,,0.8600762537451954,158,,,0.0005,0.458095232479963,,0.2,80,20,,617.004704898875,48.10423970222473,meta_train_support,MARGO-SPLIT-v1,31.77779746055603
0.0005,0.0,,653.3779875079686,20,0.8655695262371188,20,10000,mrlco_first_order_mean_pseudogradient,0.7935638119470163,fixed_literature_derived_defaults,0,160,3,0.0853237603578393,65.23575005211951,0.9795153004885647,10,,0.8655695262371188,159,,,0.0005,0.5312916141018473,,0.2,80,20,,610.4942696479796,50.3359534740448,meta_train_support,MARGO-SPLIT-v1,32.32329607009888
0.0005,0.0,,581.3435381380258,20,0.8743393370010042,20,10000,mrlco_first_order_mean_pseudogradient,0.8006766490044526,fixed_literature_derived_defaults,0,161,3,0.07326585331620473,55.12512244027171,0.9696355197836816,10,,0.8743393370010042,160,,,0.0005,0.5169401540975003,,0.2,80,20,,591.3514203560012,47.52116084098816,meta_train_support,MARGO-SPLIT-v1,32.77859449386597
0.0005,0.0,,700.4180845412172,20,0.8424703940070533,20,10000,mrlco_first_order_mean_pseudogradient,0.7727391749029292,fixed_literature_derived_defaults,0,162,3,0.09027290816034655,71.24399366682837,0.9787636849329531,10,,0.8424703940070533,161,,,0.0005,0.41523624902851,,0.2,80,20,,641.9991307414191,49.851513385772705,meta_train_support,MARGO-SPLIT-v1,32.11402606964111
0.0005,0.0,,598.6157592747566,20,0.8743665332099821,20,10000,mrlco_first_order_mean_pseudogradient,0.7993876750444606,fixed_literature_derived_defaults,0,163,3,0.07209086842421185,55.13736994972503,0.9787636849329531,10,,0.8743665332099821,162,,,0.0005,0.5384320218961534,,0.2,80,20,,603.4943472837175,50.08605647087097,meta_train_support,MARGO-SPLIT-v1,31.918174028396606
0.0005,0.0,,622.1390181992435,20,0.867728762922927,20,10000,mrlco_first_order_mean_pseudogradient,0.7939469538880468,fixed_literature_derived_defaults,0,164,3,0.07606874549124447,58.63707906730043,0.9795153004885647,10,,0.867728762922927,163,,,0.0005,0.557154051639235,,0.2,80,20,,612.6343825760978,49.123082399368286,meta_train_support,MARGO-SPLIT-v1,30.914205312728882
0.0005,0.0,,661.2032015543639,20,0.853211120705301,20,10000,mrlco_first_order_mean_pseudogradient,0.7804638652001764,fixed_literature_derived_defaults,0,165,3,0.08417381115333616,64.01971964017329,0.9778166303808509,10,,0.853211120705301,164,,,0.0005,0.5001537813358208,,0.2,80,20,,607.4479564739636,50.8638813495636,meta_train_support,MARGO-SPLIT-v1,32.082398653030396
0.0005,0.0,,661.0479994395187,20,0.8571634824004927,20,10000,mrlco_first_order_mean_pseudogradient,0.7850568657998949,fixed_literature_derived_defaults,0,166,3,0.07774516698932606,64.74418436113118,0.974189033614917,10,,0.8571634824004927,165,,,0.0005,0.473831239576383,,0.2,80,20,,620.3533168392999,49.342193603515625,meta_train_support,MARGO-SPLIT-v1,31.783825874328613
0.0005,0.0,,599.7636856885092,20,0.8782277207261854,20,10000,mrlco_first_order_mean_pseudogradient,0.8029179565880661,fixed_literature_derived_defaults,0,167,3,0.07174278116856017,55.81281461277107,0.9795153004885647,10,,0.8782277207261854,166,,,0.0005,0.5037548366516329,,0.2,80,20,,600.6689616499084,49.775554180145264,meta_train_support,MARGO-SPLIT-v1,32.0034294128418
0.0005,0.0,,659.8981625038624,20,0.8576105963440724,20,10000,mrlco_first_order_mean_pseudogradient,0.7851529555990286,fixed_literature_derived_defaults,0,168,3,0.07718706878538795,65.12736467454589,0.974189033614917,10,,0.8576105963440724,167,,,0.0005,0.5458990002280194,,0.2,80,20,,614.282400209277,49.5654034614563,meta_train_support,MARGO-SPLIT-v1,32.08203411102295
0.0005,0.0,,671.4577771002278,20,0.851200909723837,20,10000,mrlco_first_order_mean_pseudogradient,0.7812935657888889,fixed_literature_derived_defaults,0,169,3,0.09306434550221572,67.70211088324585,0.9795153004885647,10,,0.851200909723837,168,,,0.0005,0.5019783030858259,,0.2,80,20,,612.9143311753954,49.17554712295532,meta_train_support,MARGO-SPLIT-v1,32.168094873428345
0.0005,0.0,,610.7649504681697,20,0.8725213330368055,20,10000,mrlco_first_order_mean_pseudogradient,0.8006769427727398,fixed_literature_derived_defaults,0,170,3,0.08420286384818336,57.19184986741388,0.9795153004885647,10,,0.8725213330368055,169,,,0.0005,0.5071519907009358,,0.2,80,20,,596.4641455946377,48.76255655288696,meta_train_support,MARGO-SPLIT-v1,31.81299662590027
0.0005,0.0,,659.8000606254168,20,0.8562932945413532,20,10000,mrlco_first_order_mean_pseudogradient,0.7840466569290566,fixed_literature_derived_defaults,0,171,3,0.08175501082893599,64.31635127666654,0.9784217361301234,10,,0.8562932945413532,170,,,0.0005,0.49086933716539954,,0.2,80,20,,624.2727082151822,50.29454684257507,meta_train_support,MARGO-SPLIT-v1,32.46262454986572
0.0005,0.0,,629.8907668172303,20,0.8616228267632551,20,10000,mrlco_first_order_mean_pseudogradient,0.7902544770971466,fixed_literature_derived_defaults,0,172,3,0.08610239230625455,62.239467883375674,0.9784217361301234,10,,0.8616228267632551,171,,,0.0005,0.5219337731728868,,0.2,80,20,,610.6814046183586,48.871103048324585,meta_train_support,MARGO-SPLIT-v1,32.3853714466095
0.0005,0.0,,645.5347539232077,20,0.862642938280244,20,10000,mrlco_first_order_mean_pseudogradient,0.7905498816960932,fixed_literature_derived_defaults,0,173,3,0.08422037287434353,61.58808631516921,0.9767399585877231,10,,0.862642938280244,172,,,0.0005,0.546930743376293,,0.2,80,20,,612.8135225134168,49.62322163581848,meta_train_support,MARGO-SPLIT-v1,30.949231386184692
0.0005,0.0,,616.2301040951074,20,0.8729750385872789,20,10000,mrlco_first_order_mean_pseudogradient,0.7990116379232863,fixed_literature_derived_defaults,0,174,3,0.07667887766036152,58.2205129625994,0.9784217361301234,10,,0.8729750385872789,173,,,0.0005,0.4609838104318148,,0.2,80,20,,600.0011624224663,48.43588328361511,meta_train_support,MARGO-SPLIT-v1,32.54186153411865
0.0005,0.0,,638.3111232932104,20,0.855787592040452,20,10000,mrlco_first_order_mean_pseudogradient,0.7827684441660407,fixed_literature_derived_defaults,0,175,3,0.08374073031200402,60.98451888983329,0.9709490553511365,10,,0.855787592040452,174,,,0.0005,0.5095601478449046,,0.2,80,20,,608.1547140276092,49.11535120010376,meta_train_support,MARGO-SPLIT-v1,32.0919976234436
0.0005,0.0,,573.3816439673478,20,0.877699716680411,20,10000,mrlco_first_order_mean_pseudogradient,0.8031298092016564,fixed_literature_derived_defaults,0,176,3,0.06890279506480816,52.646686230629406,0.977751796323743,10,,0.877699716680411,175,,,0.0005,0.5550700511377245,,0.2,80,20,,593.6227813195637,49.69084882736206,meta_train_support,MARGO-SPLIT-v1,32.50425410270691
0.0005,0.0,,674.0498482835361,20,0.856619442976983,20,10000,mrlco_first_order_mean_pseudogradient,0.7872708039193251,fixed_literature_derived_defaults,0,177,3,0.0814013039332701,65.5495716251843,0.9787636849329531,10,,0.856619442976983,176,,,0.0005,0.5369215742239738,,0.2,80,20,,613.4053501951898,49.65887093544006,meta_train_support,MARGO-SPLIT-v1,33.15837264060974
0.0005,0.0,,618.5212191146645,20,0.8673092000119382,20,10000,mrlco_first_order_mean_pseudogradient,0.7928202013516938,fixed_literature_derived_defaults,0,178,3,0.07129346307939907,58.97917213488743,0.9726708178992625,10,,0.8673092000119382,177,,,0.0005,0.5556045504555405,,0.2,80,20,,605.6084512404306,50.233871936798096,meta_train_support,MARGO-SPLIT-v1,32.9145610332489
0.0005,0.0,,638.2171591031318,20,0.8519256680463921,20,10000,mrlco_first_order_mean_pseudogradient,0.779738411175808,fixed_literature_derived_defaults,0,179,3,0.08923451193824607,60.876427490676114,0.9726708178992625,10,,0.8519256680463921,178,,,0.0005,0.5540102183966406,,0.2,80,20,,615.589950678771,49.81025671958923,meta_train_support,MARGO-SPLIT-v1,32.35199809074402
0.0005,0.0,,648.9403551754856,20,0.8511380716564592,20,10000,mrlco_first_order_mean_pseudogradient,0.7795422025193699,fixed_literature_derived_defaults,0,180,3,0.09490894857302548,61.84748272736146,0.9795153004885647,10,,0.8511380716564592,179,,,0.0005,0.48209497681999697,,0.2,80,20,,607.4479564739636,49.44802451133728,meta_train_support,MARGO-SPLIT-v1,32.90579557418823
0.0005,0.0,,568.4249950831017,20,0.8798757680820576,20,10000,mrlco_first_order_mean_pseudogradient,0.8072535084328997,fixed_literature_derived_defaults,0,181,3,0.076811307143421,54.11068704194614,0.9784217361301234,10,,0.8798757680820576,180,,,0.0005,0.5782351082304409,,0.2,80,20,,585.5013223988942,46.94768977165222,meta_train_support,MARGO-SPLIT-v1,31.424246549606323
0.0005,0.0,,521.5629553234986,20,0.8894429615822577,20,10000,mrlco_first_order_mean_pseudogradient,0.8130198005527365,fixed_literature_derived_defaults,0,182,3,0.060207488481665815,45.81333422599193,0.9787636849329531,10,,0.8894429615822577,181,,,0.0005,0.6213007504761219,,0.2,80,20,,588.6686478263175,50.42266488075256,meta_train_support,MARGO-SPLIT-v1,32.540568828582764
0.0005,0.0,,609.6710405769526,20,0.8726804207169389,20,10000,mrlco_first_order_mean_pseudogradient,0.7987897064156834,fixed_literature_derived_defaults,0,183,3,0.06659600736265135,56.958532796434184,0.9789369423330445,10,,0.8726804207169389,182,,,0.0005,0.610217118500896,,0.2,80,20,,606.2404059611729,48.467992544174194,meta_train_support,MARGO-SPLIT-v1,32.03923177719116
0.0005,0.0,,602.6673129243632,20,0.8719441996078753,20,10000,mrlco_first_order_mean_pseudogradient,0.7995901822911072,fixed_literature_derived_defaults,0,184,3,0.08130824011492961,56.48703796451639,0.9784217361301234,10,,0.8719441996078753,183,,,0.0005,0.5350366675984469,,0.2,80,20,,603.1320183500561,48.16509699821472,meta_train_support,MARGO-SPLIT-v1,31.837339639663696
0.0005,0.0,,651.2211384827327,20,0.8591455149853983,20,10000,mrlco_first_order_mean_pseudogradient,0.7859738452259515,fixed_literature_derived_defaults,0,185,3,0.08384612723075123,62.91803711431656,0.9795153004885647,10,,0.8591455149853983,184,,,0.0005,0.44393264034859153,,0.2,80,20,,613.241489375169,50.89430499076843,meta_train_support,MARGO-SPLIT-v1,32.2839891910553
0.0005,0.0,,633.4812370168373,20,0.8624364455406281,20,10000,mrlco_first_order_mean_pseudogradient,0.7909321411021075,fixed_literature_derived_defaults,0,186,3,0.08487111768897308,61.531913899619354,0.9733354334688781,10,,0.8624364455406281,185,,,0.0005,0.5318330119418581,,0.2,80,20,,606.7387473567961,49.46728706359863,meta_train_support,MARGO-SPLIT-v1,31.820287942886353
0.0005,0.0,,624.7984851574789,20,0.8649816614614083,20,10000,mrlco_first_order_mean_pseudogradient,0.7938316677474566,fixed_literature_derived_defaults,0,187,3,0.08195010855759297,60.309101057196315,0.9736083241876161,10,,0.8649816614614083,186,,,0.0005,0.5107951096343009,,0.2,80,20,,611.9651336240904,49.0071918964386,meta_train_support,MARGO-SPLIT-v1,32.32690191268921
0.0005,0.0,,632.4233045596571,20,0.8640946497048543,20,10000,mrlco_first_order_mean_pseudogradient,0.7916731822125606,fixed_literature_derived_defaults,0,188,3,0.07944130004995388,60.861315110915875,0.9734796126361372,10,,0.8640946497048543,187,,,0.0005,0.5444587114408298,,0.2,80,20,,608.4805734614373,50.35147762298584,meta_train_support,MARGO-SPLIT-v1,32.9860200881958
0.0005,0.0,,619.5663750269795,20,0.8660125081997391,20,10000,mrlco_first_order_mean_pseudogradient,0.7950368739352695,fixed_literature_derived_defaults,0,189,3,0.08257556079749241,61.1834855139085,0.9784217361301234,10,,0.8660125081997391,188,,,0.0005,0.5403712442683406,,0.2,80,20,,603.3228968054771,48.09076142311096,meta_train_support,MARGO-SPLIT-v1,32.921472787857056
0.0005,0.0,,573.6609317255578,20,0.8840641277520548,20,10000,mrlco_first_order_mean_pseudogradient,0.8099372386942414,fixed_literature_derived_defaults,0,190,3,0.06904806486127725,53.65254117050924,0.9795153004885647,10,,0.8840641277520548,189,,,0.0005,0.5324110058620874,,0.2,80,20,,599.0683359512601,48.92619228363037,meta_train_support,MARGO-SPLIT-v1,32.01600956916809
0.0005,0.0,,634.0191513599736,20,0.857083827916249,20,10000,mrlco_first_order_mean_pseudogradient,0.7829747183905436,fixed_literature_derived_defaults,0,191,3,0.08336544996867956,59.116960202480854,0.9795153004885647,10,,0.857083827916249,190,,,0.0005,0.5363213437870781,,0.2,80,20,,615.6993269423622,51.28925085067749,meta_train_support,MARGO-SPLIT-v1,32.73520040512085
0.0005,0.0,,638.4909544038296,20,0.8640933645882427,20,10000,mrlco_first_order_mean_pseudogradient,0.7931900230758862,fixed_literature_derived_defaults,0,192,3,0.0881709415181985,62.776998400816346,0.9744293650689607,10,,0.8640933645882427,191,,,0.0005,0.5229897425809243,,0.2,80,20,,616.1326682868548,48.587254762649536,meta_train_support,MARGO-SPLIT-v1,32.172447681427
0.0005,0.0,,578.5395186212568,20,0.8809619356280091,20,10000,mrlco_first_order_mean_pseudogradient,0.8066940719736161,fixed_literature_derived_defaults,0,193,3,0.06489761949170476,53.42023110646842,0.9784217361301234,10,,0.8809619356280091,192,,,0.0005,0.5676992699865328,,0.2,80,20,,585.2707312858854,47.49722933769226,meta_train_support,MARGO-SPLIT-v1,32.772127866744995
0.0005,0.0,,610.5144629658591,20,0.8713312167188065,20,10000,mrlco_first_order_mean_pseudogradient,0.8006528081542301,fixed_literature_derived_defaults,0,194,3,0.08639324768794092,60.154463672999675,0.9787636849329531,10,,0.8713312167188065,193,,,0.0005,0.4726521880080489,,0.2,80,20,,596.3164291327204,48.53359770774841,meta_train_support,MARGO-SPLIT-v1,27.4638032913208
0.0005,0.0,,640.8553626612908,20,0.8583536333850561,20,10000,mrlco_first_order_mean_pseudogradient,0.7864616371283786,fixed_literature_derived_defaults,0,195,3,0.081558776782205,67.29347339878508,0.977751796323743,10,,0.8583536333850561,194,,,0.0005,0.3716255792604882,,0.2,80,20,,610.346983890942,49.37885069847107,meta_train_support,MARGO-SPLIT-v1,31.196839094161987
0.0005,0.0,,680.899122042502,20,0.8464471563255607,20,10000,mrlco_first_order_mean_pseudogradient,0.7763850126082436,fixed_literature_derived_defaults,0,196,3,0.08647277886086763,69.07384101581273,0.9699919307341548,10,,0.8464471563255607,195,,,0.0005,0.5244914612523581,,0.2,80,20,,620.7073401173456,49.1879358291626,meta_train_support,MARGO-SPLIT-v1,32.33939075469971
0.0005,0.0,,659.6052196946757,20,0.8541825720030327,20,10000,mrlco_first_order_mean_pseudogradient,0.7816983110110161,fixed_literature_derived_defaults,0,197,3,0.08030959924639804,66.86798186863953,0.9900042862309119,10,,0.8541825720030328,196,,,0.0005,0.4995509685297925,,0.2,80,20,,624.7560595704352,47.977407932281494,meta_train_support,MARGO-SPLIT-v1,25.90530824661255
0.0005,0.0,,598.5812615896484,20,0.8729816037174678,20,10000,mrlco_first_order_mean_pseudogradient,0.7976557543816394,fixed_literature_derived_defaults,0,198,3,0.08036731212004965,54.765067860300604,0.9795153004885647,10,,0.8729816037174678,197,,,0.0005,0.525103490130808,,0.2,80,20,,608.4444701076643,50.44684648513794,meta_train_support,MARGO-SPLIT-v1,32.92422652244568
0.0005,0.0,,640.5315359549481,20,0.8612835916220378,20,10000,mrlco_first_order_mean_pseudogradient,0.7899854908486298,fixed_literature_derived_defaults,0,199,3,0.08576799625367722,63.40593404738296,0.9767399585877231,10,,0.8612835916220378,198,,,0.0005,0.5488093335428754,,0.2,80,20,,610.5763608380317,48.12260985374451,meta_train_support,MARGO-SPLIT-v1,32.100388288497925
0.0005,0.0,,589.6669898322527,20,0.8809847829513566,20,10000,mrlco_first_order_mean_pseudogradient,0.8079813451453016,fixed_literature_derived_defaults,0,200,3,0.07574536365402161,62.68957028114537,0.9789369423330445,10,,0.8809847829513566,199,,,0.0005,0.3742639656612418,,0.2,80,20,,602.0005882786206,47.26225399971008,meta_train_support,MARGO-SPLIT-v1,32.5445454120636
0.0005,0.0,0.8622560250802438,602.8859290794563,20,0.8699724435797896,20,10000,mrlco_first_order_mean_pseudogradient,0.7983141668716284,fixed_literature_derived_defaults,0,201,3,0.07671531932093653,68.1156282194428,0.9726708178992625,10,0.8640374475061717,0.8699724435797896,200,validation_query_composite_objective,0,0.0005,0.5350982982431415,630.7150968298677,0.2,80,20,630.862170071662,595.9303672833306,48.13678336143494,meta_train_support,MARGO-SPLIT-v1,32.4173378944397
0.0005,0.0,,594.3587268547454,20,0.8734788123947598,20,10000,mrlco_first_order_mean_pseudogradient,0.7984232815042431,fixed_literature_derived_defaults,0,202,3,0.06984100092003628,55.349248538690084,0.9795153004885647,10,,0.8734788123947598,201,,,0.0005,0.559199515710791,,0.2,80,20,,611.4211759267398,49.5790798664093,meta_train_support,MARGO-SPLIT-v1,31.834510803222656
0.0005,0.0,,604.0201611375619,20,0.8722196360127433,20,10000,mrlco_first_order_mean_pseudogradient,0.799210714199862,fixed_literature_derived_defaults,0,203,3,0.07866757282968596,67.33491635566135,0.9784217361301234,10,,0.8722196360127433,202,,,0.0005,0.4484815988355485,,0.2,80,20,,592.9981149559702,48.68382477760315,meta_train_support,MARGO-SPLIT-v1,32.91021251678467
0.0005,0.0,,561.5144421072442,20,0.8815400573924821,20,10000,mrlco_first_order_mean_pseudogradient,0.8070094499825352,fixed_literature_derived_defaults,0,204,3,0.07212301719034728,64.57913626294282,0.9789369423330445,10,,0.8815400573924821,203,,,0.0005,0.3760111849402667,,0.2,80,20,,597.3187634651183,50.21327781677246,meta_train_support,MARGO-SPLIT-v1,32.88015818595886
0.0005,0.0,,653.9952558349719,20,0.847254610986085,20,10000,mrlco_first_order_mean_pseudogradient,0.7750534353590648,fixed_literature_derived_defaults,0,205,3,0.0877259530245592,73.56759849842535,0.974189033614917,10,,0.847254610986085,204,,,0.0005,0.3280794733751347,,0.2,80,20,,625.3567549325535,50.137441635131836,meta_train_support,MARGO-SPLIT-v1,31.93674898147583
0.0005,0.0,,538.476535657587,20,0.8897445655273414,20,10000,mrlco_first_order_mean_pseudogradient,0.8128894101207013,fixed_literature_derived_defaults,0,206,3,0.05628578350767953,49.01411655127221,0.9802400228079494,10,,0.8897445655273414,205,,,0.0005,0.394836873100604,,0.2,80,20,,591.904087351976,48.72015428543091,meta_train_support,MARGO-SPLIT-v1,30.97386860847473
0.0005,0.0,,589.3161058304173,20,0.8717164119890852,20,10000,mrlco_first_order_mean_pseudogradient,0.798171035186064,fixed_literature_derived_defaults,0,207,3,0.08279029834506549,73.36333501259476,0.9742141469230275,10,,0.8717164119890852,206,,,0.0005,0.39834136079879423,,0.2,80,20,,600.6302090545928,49.174415588378906,meta_train_support,MARGO-SPLIT-v1,31.76215648651123
0.0005,0.0,,640.8807336946677,20,0.8596306250405902,20,10000,mrlco_first_order_mean_pseudogradient,0.7880738470278439,fixed_literature_derived_defaults,0,208,3,0.08156817954699387,74.42117202881997,0.9779388086232913,10,,0.8596306250405902,207,,,0.0005,0.32830083737401083,,0.2,80,20,,615.8474144683292,50.71310544013977,meta_train_support,MARGO-SPLIT-v1,32.93571925163269
