Average greedy latency,,split_version,Average reward, ,validation_query_composite_objective_k0,split_role,NumTrajs,ppo_batch_size_trajectories,checkpoint_is_best_val,hyperparameter_provenance.policy,query_graph_count,StdReturn,k_steps,MaxReturn,seed,AverageReturn,entropy_coefficient,outer_learning_rate,outer_update_method,Average latency,,MinReturn,checkpoint_selection_metric,AverageDiscountedReturn,support_trajectories_per_meta_task,Itr,validation_query_mean_latency_k3,Average energy,,support_graphs_per_meta_task,validation_query_composite_objective,inner_learning_rate,outer_update_count,EnvExecTime,value_clip_epsilon,PolicyExecTime,validation_query_mean_latency_k0,meta_batch_size_distributions
612.1315675579343,MARGO-SPLIT-v1,0.9199595647222841,0.8163876729405819,meta_train_support,10000,20,1,fixed_literature_derived_defaults,80,0.5015366102016803,3,3.393032840176856,0,0.9199595647222841,0.0,0.0005,mrlco_first_order_mean_pseudogradient,881.4066189950522,-1.1291651375809977,validation_query_composite_objective,0.8483445164619956,20,0,912.270301768219,846.6097343569618,20,0.9253781392278244,0.0005,1,28.440545558929443,0.2,33.00589895248413,984.0064910746669,10
604.7713929344723,MARGO-SPLIT-v1,0.8888590915142704,,meta_train_support,10000,20,,fixed_literature_derived_defaults,80,0.4345677582861794,3,3.791287845947969,0,0.8888590915142704,0.0,0.0005,mrlco_first_order_mean_pseudogradient,918.6742034103829,-0.7800477990336121,,0.8105560083760854,20,1,,931.5220698692943,20,,0.0005,2,26.97792649269104,0.2,31.81653594970703,,10
622.3009868621689,MARGO-SPLIT-v1,0.7952449082348849,,meta_train_support,10000,20,,fixed_literature_derived_defaults,80,0.434984631477254,3,2.6092058203846675,0,0.7952449082348849,0.0,0.0005,mrlco_first_order_mean_pseudogradient,969.1880695154259,-1.3679541114892284,,0.725304374072643,20,2,,1019.416357405482,20,,0.0005,3,28.507792234420776,0.2,32.942190647125244,,10
589.0734555792673,MARGO-SPLIT-v1,0.9475453228982844,,meta_train_support,10000,20,,fixed_literature_derived_defaults,80,0.44538365408208735,3,3.0320535414593057,0,0.9475453228982844,0.0,0.0005,mrlco_first_order_mean_pseudogradient,949.1377359669726,-1.096816022884295,,0.8600596456928895,20,3,,962.8820751198044,20,,0.0005,4,27.455965995788574,0.2,32.60365629196167,,10
611.1135460177558,MARGO-SPLIT-v1,0.8516112984474566,,meta_train_support,10000,20,,fixed_literature_derived_defaults,80,0.4501112026206773,3,3.375637241332444,0,0.8516112984474566,0.0,0.0005,mrlco_first_order_mean_pseudogradient,958.9463992334407,-0.8997820866534667,,0.7745309291469219,20,4,,1033.7330075477641,20,,0.0005,5,27.311659336090088,0.2,32.414974212646484,,10
628.5791581629481,MARGO-SPLIT-v1,0.8189059945977565,,meta_train_support,10000,20,,fixed_literature_derived_defaults,80,0.39567107548364105,3,3.0670557087811456,0,0.8189059945977565,0.0,0.0005,mrlco_first_order_mean_pseudogradient,950.011992938013,-1.1401214241203146,,0.7468840881112344,20,5,,1047.0628418850617,20,,0.0005,6,27.630478143692017,0.2,32.84616231918335,,10
600.2586262120248,MARGO-SPLIT-v1,0.9076755349451462,,meta_train_support,10000,20,,fixed_literature_derived_defaults,80,0.42052042253486605,3,2.899079754202514,0,0.907675534945146,0.0,0.0005,mrlco_first_order_mean_pseudogradient,977.4342182508456,-1.177354459734989,,0.8243734382488243,20,6,,1047.5081053204578,20,,0.0005,7,26.46157193183899,0.2,32.439881801605225,,10
606.6516427646773,MARGO-SPLIT-v1,0.8043324886000064,,meta_train_support,10000,20,,fixed_literature_derived_defaults,80,0.3784585519394778,3,2.6704513380624206,0,0.8043324886000064,0.0,0.0005,mrlco_first_order_mean_pseudogradient,968.120100635335,-0.9952407498180875,,0.7293405690291914,20,7,,1046.3632657547764,20,,0.0005,8,25.872053146362305,0.2,32.378212690353394,,10
608.7837606597355,MARGO-SPLIT-v1,0.7958135840321438,,meta_train_support,10000,20,,fixed_literature_derived_defaults,80,0.4156682225837826,3,2.5668091277780114,0,0.7958135840321438,0.0,0.0005,mrlco_first_order_mean_pseudogradient,968.0474347158324,-0.7643520044970792,,0.7223386321617652,20,8,,1045.1759952197892,20,,0.0005,9,27.024958848953247,0.2,32.408881425857544,,10
597.4118719431332,MARGO-SPLIT-v1,0.8318289927267589,,meta_train_support,10000,20,,fixed_literature_derived_defaults,80,0.43200821186631755,3,2.9521899890888967,0,0.8318289927267589,0.0,0.0005,mrlco_first_order_mean_pseudogradient,998.1490633270033,-1.1275826201345813,,0.7558878786280765,20,9,,1083.880797254501,20,,0.0005,10,25.667813301086426,0.2,32.219472885131836,,10
614.7424242979868,MARGO-SPLIT-v1,0.7826012256199361,,meta_train_support,10000,20,,fixed_literature_derived_defaults,80,0.38942835863137754,3,2.6270727050619707,0,0.7826012256199361,0.0,0.0005,mrlco_first_order_mean_pseudogradient,991.3936670408345,-0.833565528769434,,0.7113619617111872,20,10,,1098.7649050006946,20,,0.0005,11,27.116544485092163,0.2,32.52339172363281,,10
617.6842409292085,MARGO-SPLIT-v1,0.7201727006597856,,meta_train_support,10000,20,,fixed_literature_derived_defaults,80,0.36910294743829497,3,2.3724107721987293,0,0.7201727006597856,0.0,0.0005,mrlco_first_order_mean_pseudogradient,995.0268268934509,-0.8378910249828254,,0.6584244868043563,20,11,,1078.0174144978885,20,,0.0005,12,27.749393939971924,0.2,32.51566529273987,,10
605.3476717712402,MARGO-SPLIT-v1,0.7545510188644182,,meta_train_support,10000,20,,fixed_literature_derived_defaults,80,0.3875325109484795,3,2.57025042013929,0,0.7545510188644182,0.0,0.0005,mrlco_first_order_mean_pseudogradient,991.0255814056355,-1.009203766660474,,0.6867781197319504,20,12,,1068.7403294867759,20,,0.0005,13,27.663708925247192,0.2,32.28893518447876,,10
591.8716869904927,MARGO-SPLIT-v1,0.8262161444727164,,meta_train_support,10000,20,,fixed_literature_derived_defaults,80,0.40303084431662795,3,2.67080093220658,0,0.8262161444727164,0.0,0.0005,mrlco_first_order_mean_pseudogradient,1019.7131330471734,-1.8187638747592325,,0.7500714905311038,20,13,,1098.8820085552109,20,,0.0005,14,27.7154643535614,0.2,32.557987451553345,,10
612.0098009870937,MARGO-SPLIT-v1,0.8110373113563718,,meta_train_support,10000,20,,fixed_literature_derived_defaults,80,0.4284833789352247,3,2.817802099647253,0,0.8110373113563718,0.0,0.0005,mrlco_first_order_mean_pseudogradient,959.0212201731479,-1.0295499980448504,,0.7401600459701627,20,14,,1054.3291087693194,20,,0.0005,15,27.569637775421143,0.2,32.69873785972595,,10
620.7300079220227,MARGO-SPLIT-v1,0.8126296556983768,,meta_train_support,10000,20,,fixed_literature_derived_defaults,80,0.42062183824850524,3,2.989071524911561,0,0.8126296556983768,0.0,0.0005,mrlco_first_order_mean_pseudogradient,950.895093301265,-2.063356228377254,,0.741552008569581,20,15,,1047.9439916211022,20,,0.0005,16,26.436744689941406,0.2,31.969456672668457,,10
621.0308353906495,MARGO-SPLIT-v1,0.8601472820825864,,meta_train_support,10000,20,,fixed_literature_derived_defaults,80,0.4412509107708235,3,3.848923333105689,0,0.8601472820825864,0.0,0.0005,mrlco_first_order_mean_pseudogradient,948.0702124474839,-0.6060118469199807,,0.785490122769637,20,16,,1035.3462778698206,20,,0.0005,17,28.064098358154297,0.2,32.741575479507446,,10
620.1501542108263,MARGO-SPLIT-v1,0.8129635661499307,,meta_train_support,10000,20,,fixed_literature_derived_defaults,80,0.3974273346651299,3,2.7816981026605716,0,0.8129635661499307,0.0,0.0005,mrlco_first_order_mean_pseudogradient,955.6918599046517,-0.9359670086274179,,0.7413536037024936,20,17,,1037.3734242198325,20,,0.0005,18,28.844884634017944,0.2,33.06955814361572,,10
616.1563160095488,MARGO-SPLIT-v1,0.8397102475168428,,meta_train_support,10000,20,,fixed_literature_derived_defaults,80,0.39072574919371045,3,2.7308723404607305,0,0.8397102475168428,0.0,0.0005,mrlco_first_order_mean_pseudogradient,900.6882411805956,-0.6405827992106777,,0.7691097436045223,20,18,,977.5361836106762,20,,0.0005,19,27.1325523853302,0.2,31.65464735031128,,10
603.0639042518206,MARGO-SPLIT-v1,0.889911189291506,,meta_train_support,10000,20,,fixed_literature_derived_defaults,80,0.4063968312857883,3,3.041217343552294,0,0.8899111892915058,0.0,0.0005,mrlco_first_order_mean_pseudogradient,947.3670972672544,-0.911389136351464,,0.8149744759290226,20,19,,1002.545639789384,20,,0.0005,20,28.31396985054016,0.2,32.76661777496338,,10
632.3575162841524,MARGO-SPLIT-v1,0.7929892229939154,,meta_train_support,10000,20,,fixed_literature_derived_defaults,80,0.40119043262380777,3,2.9583352456377794,0,0.7929892229939154,0.0,0.0005,mrlco_first_order_mean_pseudogradient,943.8397914678246,-0.9463711862618454,,0.7287834558321928,20,20,,1055.4016865620542,20,,0.0005,21,27.322294235229492,0.2,31.397878170013428,,10
620.4115590208735,MARGO-SPLIT-v1,0.8686284103265225,,meta_train_support,10000,20,,fixed_literature_derived_defaults,80,0.43278099822774874,3,2.914564120012507,0,0.8686284103265225,0.0,0.0005,mrlco_first_order_mean_pseudogradient,941.1402889324952,-0.9293684114641563,,0.7946064879522433,20,21,,1012.798676650074,20,,0.0005,22,27.51736283302307,0.2,31.658644676208496,,10
607.6697230015074,MARGO-SPLIT-v1,0.9210882340015498,,meta_train_support,10000,20,,fixed_literature_derived_defaults,80,0.4189007112449619,3,3.344242337005731,0,0.9210882340015498,0.0,0.0005,mrlco_first_order_mean_pseudogradient,944.1543536586897,-0.5643756453967315,,0.8402454491087594,20,22,,1027.8613387261637,20,,0.0005,23,28.103829622268677,0.2,32.25859594345093,,10
608.4434113462856,MARGO-SPLIT-v1,0.9376425674555267,,meta_train_support,10000,20,,fixed_literature_derived_defaults,80,0.44636709764795035,3,2.7949091439476743,0,0.9376425674555267,0.0,0.0005,mrlco_first_order_mean_pseudogradient,963.4555262991372,-0.7539211227879359,,0.8556396352559231,20,23,,1045.7914324413814,20,,0.0005,24,27.823765754699707,0.2,32.399420499801636,,10
594.5187457834245,MARGO-SPLIT-v1,0.8904498017674066,,meta_train_support,10000,20,,fixed_literature_derived_defaults,80,0.44208860433212893,3,3.4533339887591517,0,0.8904498017674066,0.0,0.0005,mrlco_first_order_mean_pseudogradient,968.2463743145996,-0.4464208267045373,,0.8128221789703942,20,24,,1022.3175126597114,20,,0.0005,25,29.716850519180298,0.2,32.712559938430786,,10
618.6790547822408,MARGO-SPLIT-v1,0.8872586713570556,,meta_train_support,10000,20,,fixed_literature_derived_defaults,80,0.42911291882585184,3,3.1644535346671216,0,0.8872586713570556,0.0,0.0005,mrlco_first_order_mean_pseudogradient,914.7934652259582,-1.0850648757245507,,0.8107433812084371,20,25,,1013.2006979133425,20,,0.0005,26,28.363631010055542,0.2,32.37185502052307,,10
623.9190012644768,MARGO-SPLIT-v1,0.828548555875839,,meta_train_support,10000,20,,fixed_literature_derived_defaults,80,0.4070556684652259,3,3.7717621542403172,0,0.828548555875839,0.0,0.0005,mrlco_first_order_mean_pseudogradient,922.9281912848991,-0.5975444756367091,,0.7591873114946833,20,26,,1001.1976030728042,20,,0.0005,27,26.836344718933105,0.2,32.67247676849365,,10
614.0902518368313,MARGO-SPLIT-v1,0.8898060489486883,,meta_train_support,10000,20,,fixed_literature_derived_defaults,80,0.4066170396849856,3,2.7744019394766144,0,0.8898060489486883,0.0,0.0005,mrlco_first_order_mean_pseudogradient,903.1444940589577,-0.6950704182618547,,0.8133746685999005,20,27,,992.0302591579225,20,,0.0005,28,27.5956928730011,0.2,33.15844750404358,,10
604.5140644757543,MARGO-SPLIT-v1,0.8987837956304147,,meta_train_support,10000,20,,fixed_literature_derived_defaults,80,0.42139771149934485,3,3.214024536780006,0,0.8987837956304147,0.0,0.0005,mrlco_first_order_mean_pseudogradient,944.9791525062043,-0.8110973315190347,,0.8212456828861355,20,28,,1015.9703651214917,20,,0.0005,29,28.42562699317932,0.2,31.4674654006958,,10
621.3424199403219,MARGO-SPLIT-v1,0.9067600409873554,,meta_train_support,10000,20,,fixed_literature_derived_defaults,80,0.43200385258936175,3,3.2831116166362655,0,0.9067600409873554,0.0,0.0005,mrlco_first_order_mean_pseudogradient,941.0633820039749,-0.8588884054712238,,0.8291606435188118,20,29,,1036.0994969381343,20,,0.0005,30,28.469985485076904,0.2,32.22639203071594,,10
609.8205556528501,MARGO-SPLIT-v1,0.9155579706209471,,meta_train_support,10000,20,,fixed_literature_derived_defaults,80,0.4292240060936312,3,2.9225268710230083,0,0.9155579706209471,0.0,0.0005,mrlco_first_order_mean_pseudogradient,926.353509675733,-0.631827200038836,,0.8383529263215256,20,30,,1022.34656740007,20,,0.0005,31,28.0313720703125,0.2,32.159496545791626,,10
605.6084512404306,MARGO-SPLIT-v1,0.8693087733288044,,meta_train_support,10000,20,,fixed_literature_derived_defaults,80,0.43353826750102714,3,3.037458462553238,0,0.8693087733288044,0.0,0.0005,mrlco_first_order_mean_pseudogradient,943.980192765443,-0.9623634165794038,,0.796800485929374,20,31,,1013.9734044875985,20,,0.0005,32,28.025569200515747,0.2,32.50149893760681,,10
604.3442649371419,MARGO-SPLIT-v1,0.9025217566143546,,meta_train_support,10000,20,,fixed_literature_derived_defaults,80,0.4306989942754024,3,3.030589296914889,0,0.9025217566143546,0.0,0.0005,mrlco_first_order_mean_pseudogradient,898.6218368819195,-1.0266906232276187,,0.8299317638423745,20,32,,960.6075649916916,20,,0.0005,33,27.3854501247406,0.2,32.54132103919983,,10
624.5639111979892,MARGO-SPLIT-v1,0.8180999684949178,,meta_train_support,10000,20,,fixed_literature_derived_defaults,80,0.3933284358950277,3,2.8457160789489375,0,0.8180999684949178,0.0,0.0005,mrlco_first_order_mean_pseudogradient,940.9038314576107,-0.6562646082073452,,0.7526243550266826,20,33,,990.5025774964632,20,,0.0005,34,27.193387746810913,0.2,32.650612115859985,,10
608.4793592955182,MARGO-SPLIT-v1,0.9102150131993483,,meta_train_support,10000,20,,fixed_literature_derived_defaults,80,0.40004597655515073,3,2.6003737811008767,0,0.9102150131993485,0.0,0.0005,mrlco_first_order_mean_pseudogradient,913.7689287883228,-0.6949349830873824,,0.8333436405299186,20,34,,996.7585808198612,20,,0.0005,35,26.087603330612183,0.2,32.55557990074158,,10
623.5346898036548,MARGO-SPLIT-v1,0.898630437514072,,meta_train_support,10000,20,,fixed_literature_derived_defaults,80,0.4127235258902292,3,2.940000815854114,0,0.898630437514072,0.0,0.0005,mrlco_first_order_mean_pseudogradient,884.3503101063334,-1.26349041843402,,0.8242822576320512,20,35,,983.3680129549527,20,,0.0005,36,27.9417142868042,0.2,32.44155311584473,,10
635.7064445519175,MARGO-SPLIT-v1,0.8201171262362373,,meta_train_support,10000,20,,fixed_literature_derived_defaults,80,0.40658794518978364,3,3.5474855721233443,0,0.8201171262362373,0.0,0.0005,mrlco_first_order_mean_pseudogradient,909.8743309119415,-0.8320652047477566,,0.7555062113710154,20,36,,1009.6272016020552,20,,0.0005,37,27.678067922592163,0.2,32.47519850730896,,10
641.1382230792591,MARGO-SPLIT-v1,0.8107929798291957,,meta_train_support,10000,20,,fixed_literature_derived_defaults,80,0.3412017329996154,3,2.3602205867766757,0,0.8107929798291957,0.0,0.0005,mrlco_first_order_mean_pseudogradient,906.4535061212853,-0.6087946736861621,,0.746076797897391,20,37,,1019.4492282235731,20,,0.0005,38,27.70095419883728,0.2,31.73168921470642,,10
632.8343223309108,MARGO-SPLIT-v1,0.8572376275770033,,meta_train_support,10000,20,,fixed_literature_derived_defaults,80,0.40717381079484577,3,2.685119563726099,0,0.8572376275770033,0.0,0.0005,mrlco_first_order_mean_pseudogradient,926.7860396331147,-0.6153975459122458,,0.7888492695506347,20,38,,1031.5854189112517,20,,0.0005,39,27.64487051963806,0.2,32.34987711906433,,10
607.5223228669303,MARGO-SPLIT-v1,0.9309030268623965,,meta_train_support,10000,20,,fixed_literature_derived_defaults,80,0.44885552287391906,3,3.3520449836744763,0,0.9309030268623965,0.0,0.0005,mrlco_first_order_mean_pseudogradient,907.903975095994,-0.913656381714039,,0.8528381809574259,20,39,,974.8162541474286,20,,0.0005,40,26.602502822875977,0.2,32.07512068748474,,10
621.8488690360342,MARGO-SPLIT-v1,0.9066888265781188,,meta_train_support,10000,20,,fixed_literature_derived_defaults,80,0.3997283412649706,3,2.958109859687055,0,0.9066888265781188,0.0,0.0005,mrlco_first_order_mean_pseudogradient,893.7422989198126,-0.6518277489203224,,0.8302415109951544,20,40,,994.4319563622909,20,,0.0005,41,27.36710834503174,0.2,32.26175546646118,,10
599.5105169750077,MARGO-SPLIT-v1,0.9509352231805147,,meta_train_support,10000,20,,fixed_literature_derived_defaults,80,0.42064526523243784,3,3.066800827626703,0,0.9509352231805146,0.0,0.0005,mrlco_first_order_mean_pseudogradient,909.8924702498286,-0.4774853600910543,,0.8704658974294908,20,41,,988.5555427353626,20,,0.0005,42,26.383541345596313,0.2,32.39568877220154,,10
607.4604752467973,MARGO-SPLIT-v1,0.92216118960325,,meta_train_support,10000,20,,fixed_literature_derived_defaults,80,0.4050607858745331,3,3.504267643813839,0,0.9221611896032502,0.0,0.0005,mrlco_first_order_mean_pseudogradient,910.7781295313019,-0.8461911729893763,,0.8443486522413197,20,42,,973.6664048199399,20,,0.0005,43,28.11992645263672,0.2,32.061670780181885,,10
631.5703788707461,MARGO-SPLIT-v1,0.8426523606429956,,meta_train_support,10000,20,,fixed_literature_derived_defaults,80,0.39543607910680767,3,2.6422984240896326,0,0.8426523606429956,0.0,0.0005,mrlco_first_order_mean_pseudogradient,898.5060436227621,-1.3660820404596612,,0.7719997327952729,20,43,,992.1045495625652,20,,0.0005,44,27.135050058364868,0.2,32.1050181388855,,10
625.4448512248857,MARGO-SPLIT-v1,0.8964523719994165,,meta_train_support,10000,20,,fixed_literature_derived_defaults,80,0.3563954226516707,3,2.5570519124247606,0,0.8964523719994165,0.0,0.0005,mrlco_first_order_mean_pseudogradient,888.784838922626,-0.6165909143660516,,0.8197073093428048,20,44,,999.5820341390727,20,,0.0005,45,26.46743679046631,0.2,31.462512493133545,,10
585.5013223988942,MARGO-SPLIT-v1,1.0248454986888729,,meta_train_support,10000,20,,fixed_literature_derived_defaults,80,0.4440372961871613,3,3.4057919067252302,0,1.0248454986888729,0.0,0.0005,mrlco_first_order_mean_pseudogradient,905.562397701634,-0.48561720216933413,,0.9364241601499008,20,45,,978.464424957403,20,,0.0005,46,25.945964097976685,0.2,31.803499460220337,,10
625.3830036047527,MARGO-SPLIT-v1,0.8789271443626778,,meta_train_support,10000,20,,fixed_literature_derived_defaults,80,0.3812570528066768,3,2.797546977829424,0,0.8789271443626778,0.0,0.0005,mrlco_first_order_mean_pseudogradient,889.7027669027138,-0.7159994107577929,,0.8066558804085006,20,46,,979.026572176339,20,,0.0005,47,27.69420289993286,0.2,32.76783561706543,,10
604.9461471784999,MARGO-SPLIT-v1,0.8526225827074483,,meta_train_support,10000,20,,fixed_literature_derived_defaults,80,0.38088114177691107,3,3.678727403351069,0,0.8526225827074483,0.0,0.0005,mrlco_first_order_mean_pseudogradient,910.8808567601176,-0.9112588177790002,,0.7815196935516993,20,47,,987.8867901253823,20,,0.0005,48,27.280383586883545,0.2,31.683820724487305,,10
596.5997515661784,MARGO-SPLIT-v1,1.0060268566373987,,meta_train_support,10000,20,,fixed_literature_derived_defaults,80,0.43366912478811576,3,3.8348990019553826,0,1.0060268566373987,0.0,0.0005,mrlco_first_order_mean_pseudogradient,897.318675356632,-0.5868029095451186,,0.9197968556588539,20,48,,979.0073127238574,20,,0.0005,49,26.725850343704224,0.2,32.14801263809204,,10
593.9274471113205,MARGO-SPLIT-v1,0.9599786801304067,,meta_train_support,10000,20,,fixed_literature_derived_defaults,80,0.409609247919905,3,2.7050745302633072,0,0.9599786801304067,0.0,0.0005,mrlco_first_order_mean_pseudogradient,920.5007567630086,-0.5812756091770267,,0.8769899654796453,20,49,,985.1937257721328,20,,0.0005,50,27.659693002700806,0.2,32.636759757995605,,10
