graph_id,split,application_family,resource_profile,resource_level,r_mec_ul_bps,r_mec_dl_bps,r_v2v_bps,f_ue_hz,f_helper_hz,f_mec_hz,sched_mec_uplink_bytes_per_s,sched_mec_downlink_bytes_per_s,sched_v2v_bytes_per_s,sched_ue_cpu_bytes_per_s,sched_helper_cpu_bytes_per_s,sched_mec_cpu_bytes_per_s,bits_to_bytes_ratio_ul,bits_to_bytes_ratio_dl,bits_to_bytes_ratio_v2v
mcv1_lpp_s0_whigh_dloose_rhigh_end,validation_query,localization_prediction_planning,strong,high_end,68562902.25964577,169403738.97425318,125621430.33790934,2131440658.0400665,3490217042.5913486,25652997880.227707,8570362.782455722,21175467.371781647,15702678.792238668,888100.274183361,1454257.1010797287,10688749.116761545,8.0,8.0,8.0
mcv1_lpp_s0_whigh_dnominal_rlow_end,validation_query,localization_prediction_planning,nominal,low_end,57443735.88801804,50888648.55613803,7967489.590694392,739775927.5134485,1170782553.422379,8871674898.571491,7180466.986002255,6361081.069517254,995936.198836799,308239.9697972702,487826.06392599124,3696531.2077381215,8.0,8.0,8.0
mcv1_lpp_s0_whigh_dtight_rhigh_end,validation_query,localization_prediction_planning,strong,high_end,246420651.2303872,293887301.905558,147795950.6275527,1805040241.0822277,2004870365.7269416,24614908174.750427,30802581.4037984,36735912.73819475,18474493.828444086,752100.1004509282,835362.6523862256,10256211.739479344,8.0,8.0,8.0
mcv1_lpp_s0_whigh_dtight_rlow_end,validation_query,localization_prediction_planning,strong,low_end,296305061.0173134,294753019.2818223,46479127.932492435,1274715546.5545595,2828211923.898931,21282999301.39873,37038132.62716418,36844127.41022779,5809890.991561554,531131.4777310664,1178421.634957888,8867916.375582805,8.0,8.0,8.0
mcv1_lpp_s0_wnominal_dloose_rhigh_end,validation_query,localization_prediction_planning,nominal,high_end,17365285.539927054,45833180.501853794,8171657.725184218,665875076.527465,1183983727.3455637,12400374567.106544,2170660.692490882,5729147.562731724,1021457.2156480273,277447.9485531104,493326.5530606515,5166822.736294393,8.0,8.0,8.0
mcv1_lpp_s0_wnominal_dloose_rlow_end,validation_query,localization_prediction_planning,nominal,low_end,11669249.940781068,56500430.43166888,29544825.119385462,967202924.0555396,1550811436.9565022,12432347565.947304,1458656.2425976335,7062553.80395861,3693103.139923183,403001.2183564748,646171.4320652093,5180144.81914471,8.0,8.0,8.0
mcv1_lpp_s0_wnominal_dnominal_rhigh_end,validation_query,localization_prediction_planning,nominal,high_end,41138690.22551827,47627718.854911625,15230850.63621638,887772607.011799,1362691820.7942953,12321184775.151793,5142336.278189784,5953464.856863953,1903856.3295270475,369905.2529215829,567788.2586642897,5133826.98964658,8.0,8.0,8.0
mcv1_lpp_s0_wnominal_dnominal_rlow_end,validation_query,localization_prediction_planning,nominal,low_end,10587000.151312226,36555493.63017813,5296281.709707973,973655327.9696141,1313816431.9208531,11647509008.897999,1323375.0189140283,4569436.703772266,662035.2137134966,405689.7199873392,547423.5133003555,4853128.753707499,8.0,8.0,8.0
mcv1_lpp_s0_wnominal_dtight_rhigh_end,validation_query,localization_prediction_planning,nominal,high_end,20778260.204892814,14877348.249840278,6632925.887161143,694774929.8904123,1533804142.4304698,12787530068.328669,2597282.525611602,1859668.5312300348,829115.7358951429,289489.5541210051,639085.0593460291,5328137.528470279,8.0,8.0,8.0
mcv1_lpp_s0_wnominal_dtight_rlow_end,validation_query,localization_prediction_planning,nominal,low_end,17167325.983505532,22349342.450772822,18078508.935361266,770903083.327842,1040852975.4503244,7585077874.793727,2145915.7479381915,2793667.8063466027,2259813.6169201583,321209.6180532675,433688.7397709685,3160449.1144973864,8.0,8.0,8.0
mcv1_lpp_s1_whigh_dnominal_rhigh_end,validation_query,localization_prediction_planning,strong,high_end,52728125.98375846,57104285.7366595,25765187.325947065,1671186681.9762318,2036732730.30005,16124176697.796345,6591015.747969807,7138035.717082437,3220648.415743383,696327.7841567632,848638.6376250208,6718406.957415144,8.0,8.0,8.0
mcv1_lpp_s1_whigh_dtight_rhigh_end,validation_query,localization_prediction_planning,strong,high_end,271685503.58445126,168105521.39643413,74461470.15079767,2179088229.7170877,2987805549.608666,25472450021.349888,33960687.94805641,21013190.174554266,9307683.768849708,907953.4290487865,1244918.9790036108,10613520.84222912,8.0,8.0,8.0
mcv1_lpp_s1_whigh_dtight_rlow_end,validation_query,localization_prediction_planning,strong,low_end,146185619.2277413,72230939.17972615,93318519.57414736,1626794971.53584,3592375552.745047,17000714193.675037,18273202.403467663,9028867.39746577,11664814.94676842,677831.2381399333,1496823.1469771028,7083630.914031265,8.0,8.0,8.0
mcv1_lpp_s1_wnominal_dloose_rhigh_end,validation_query,localization_prediction_planning,strong,high_end,271793144.27979875,285642357.9237646,132114805.71015202,1495312746.2665772,3810160158.304878,16525125456.580725,33974143.03497484,35705294.74047057,16514350.713769002,623046.9776110739,1587566.7326270326,6885468.940241968,8.0,8.0,8.0
mcv1_lpp_s1_wnominal_dloose_rlow_end,validation_query,localization_prediction_planning,nominal,low_end,10931497.78483578,57235790.76469137,18964144.743243027,934759409.4962889,1461717587.4068906,13237180928.431072,1366437.2231044725,7154473.845586421,2370518.0929053784,389483.08729012037,609048.9947528711,5515492.053512947,8.0,8.0,8.0
mcv1_lpp_s1_wnominal_dnominal_rlow_end,validation_query,localization_prediction_planning,nominal,low_end,26413655.71901159,41569546.49641639,23488710.893369682,1158762586.7905126,1431634348.5374966,7161327989.820525,3301706.9648764487,5196193.312052049,2936088.8616712103,482817.7444960469,596514.3118906235,2983886.6624252186,8.0,8.0,8.0
mcv1_lpp_s1_wnominal_dtight_rhigh_end,validation_query,localization_prediction_planning,strong,high_end,208813373.87730974,133969267.90196478,133972841.32109009,1957306550.5336056,3885747461.3104467,24318722455.420773,26101671.734663717,16746158.487745598,16746605.16513626,815544.3960556689,1619061.4422126862,10132801.023091989,8.0,8.0,8.0
mcv1_lpp_s1_wnominal_dtight_rlow_end,validation_query,localization_prediction_planning,strong,low_end,273603697.46650094,75529176.77533638,70369128.1666033,1617206533.472629,2978207083.7516623,27445747538.86747,34200462.18331262,9441147.096917048,8796141.020825412,673836.0556135954,1240919.6182298593,11435728.14119478,8.0,8.0,8.0
mcv1_lpp_s2_whigh_dloose_rhigh_end,validation_query,localization_prediction_planning,nominal,high_end,29108537.974145625,12148487.976481805,26670205.413532082,602912577.1503519,1919714115.9313617,10417056654.735128,3638567.246768203,1518560.9970602256,3333775.6766915102,251213.57381264662,799880.8816380673,4340440.272806304,8.0,8.0,8.0
mcv1_lpp_s2_whigh_dloose_rlow_end,validation_query,localization_prediction_planning,nominal,low_end,40484884.07162633,55270339.31431245,14269159.644329302,1122234016.5345497,1737972693.1990762,7139485797.979638,5060610.508953291,6908792.414289056,1783644.9555411628,467597.5068893957,724155.2888329484,2974785.7491581826,8.0,8.0,8.0
mcv1_lpp_s2_whigh_dnominal_rhigh_end,validation_query,localization_prediction_planning,nominal,high_end,51267678.34527132,53064895.9512158,21457030.619724978,1270651750.3594828,1749798701.0786872,9994746594.935234,6408459.793158915,6633111.993901975,2682128.827465622,529438.2293164511,729082.7921161196,4164477.747889681,8.0,8.0,8.0
mcv1_lpp_s2_whigh_dtight_rhigh_end,validation_query,localization_prediction_planning,nominal,high_end,55650282.08495799,16307826.929581895,12422753.214404527,803238158.4703847,1769180762.4134226,13465100887.808046,6956285.260619748,2038478.366197737,1552844.151800566,334682.566029327,737158.6510055928,5610458.703253353,8.0,8.0,8.0
mcv1_lpp_s2_wnominal_dloose_rlow_end,validation_query,localization_prediction_planning,nominal,low_end,44075418.68817551,44651949.64945358,21378425.01581958,1051275387.1415756,1859786330.0679007,6256164677.241397,5509427.336021938,5581493.706181698,2672303.1269774474,438031.4113089898,774910.9708616253,2606735.2821839154,8.0,8.0,8.0
mcv1_lpp_s2_wnominal_dnominal_rhigh_end,validation_query,localization_prediction_planning,nominal,high_end,41852324.900923446,44225904.28031929,26101554.4951356,1380266902.0208523,1083245504.7332962,11962897865.262842,5231540.612615431,5528238.035039911,3262694.31189195,575111.2091753552,451352.2936388734,4984540.777192851,8.0,8.0,8.0
mcv1_lpp_s2_wnominal_dtight_rhigh_end,validation_query,localization_prediction_planning,strong,high_end,273259896.8113823,71446143.41513953,115069957.07616898,2166480413.644497,3580120044.538334,15800945649.403042,34157487.10142279,8930767.92689244,14383744.634521123,902700.1723518737,1491716.6852243058,6583727.353917934,8.0,8.0,8.0
mcv1_lpp_s2_wnominal_dtight_rlow_end,validation_query,localization_prediction_planning,strong,low_end,176760840.8094894,264502319.78835738,98734770.83830768,2015717839.5127327,2450244833.383801,20439704063.633312,22095105.101186175,33062789.973544672,12341846.35478846,839882.4331303053,1020935.3472432505,8516543.359847214,8.0,8.0,8.0
mcv1_lpp_s3_whigh_dloose_rhigh_end,validation_query,localization_prediction_planning,nominal,high_end,31955513.165979438,38506843.22110467,23051186.527279127,817420159.4758065,1574273745.958038,7769150684.855485,3994439.1457474297,4813355.402638083,2881398.315909891,340591.7331149194,655947.3941491825,3237146.1186897852,8.0,8.0,8.0
mcv1_lpp_s3_whigh_dloose_rlow_end,validation_query,localization_prediction_planning,nominal,low_end,57750840.353748634,40788027.19383088,25033470.528913062,676310481.2943107,1599813943.4539037,13401873033.805687,7218855.044218579,5098503.39922886,3129183.8161141328,281796.03387262946,666589.1431057932,5584113.764085703,8.0,8.0,8.0
mcv1_lpp_s3_whigh_dnominal_rhigh_end,validation_query,localization_prediction_planning,nominal,high_end,48019848.12664379,10879568.611011885,8909334.571327377,1153312093.688003,1234207325.8771,8521572351.528239,6002481.015830474,1359946.0763764856,1113666.8214159221,480546.7057033346,514253.0524487917,3550655.1464700997,8.0,8.0,8.0
mcv1_lpp_s3_whigh_dnominal_rlow_end,validation_query,localization_prediction_planning,nominal,low_end,51724174.00870212,15552178.168443907,10841338.079696689,866040710.1879101,1452668080.172651,12450230073.486725,6465521.751087765,1944022.2710554884,1355167.259962086,360850.2959116292,605278.3667386046,5187595.863952802,8.0,8.0,8.0
mcv1_lpp_s3_wnominal_dnominal_rhigh_end,validation_query,localization_prediction_planning,nominal,high_end,43094681.705935575,54198832.74042545,29226164.750211213,1309687951.206486,1410752385.5965269,7044665182.197819,5386835.213241947,6774854.092553182,3653270.5937764016,545703.3130027025,587813.4939985529,2935277.159249091,8.0,8.0,8.0
mcv1_lpp_s3_wnominal_dnominal_rlow_end,validation_query,localization_prediction_planning,nominal,low_end,32592064.419785064,51322246.41843505,19183607.040508453,986719020.4839686,1690763921.879969,10347240956.61317,4074008.052473133,6415280.8023043815,2397950.8800635566,411132.92520165356,704484.9674499871,4311350.398588821,8.0,8.0,8.0
mcv1_lpp_s4_whigh_dloose_rlow_end,validation_query,localization_prediction_planning,strong,low_end,257835267.79220828,191615486.62176397,82135763.32462515,1682289582.1960657,2258132316.5265274,15948901813.639183,32229408.474026036,23951935.827720497,10266970.415578144,700953.992581694,940888.4652193864,6645375.755682993,8.0,8.0,8.0
mcv1_lpp_s4_whigh_dnominal_rlow_end,validation_query,localization_prediction_planning,nominal,low_end,29969513.36611783,42946602.71569861,27338541.673798062,1232673272.5432758,1579171795.7965255,12460787570.156994,3746189.170764729,5368325.339462326,3417317.7092247577,513613.8635596983,657988.2482485523,5191994.820898747,8.0,8.0,8.0
mcv1_lpp_s4_whigh_dtight_rlow_end,validation_query,localization_prediction_planning,strong,low_end,159148261.06231582,141800463.0834915,36511003.24924494,1586687514.9383051,3613920841.6096573,22850914356.422752,19893532.632789478,17725057.885436438,4563875.406155618,661119.7978909605,1505800.3506706906,9521214.315176146,8.0,8.0,8.0
mcv1_lpp_s4_wnominal_dloose_rhigh_end,validation_query,localization_prediction_planning,nominal,high_end,10200442.503708191,26621153.480893146,21055567.55398165,1179247623.0162258,1573110325.0227723,12745597830.963581,1275055.312963524,3327644.1851116433,2631945.9442477063,491353.1762567608,655462.6354261552,5310665.762901492,8.0,8.0,8.0
mcv1_lpp_s4_wnominal_dnominal_rhigh_end,validation_query,localization_prediction_planning,nominal,high_end,50212842.33832475,28876569.10634284,23658157.256347034,1280969680.3299444,1857500691.2483726,11846117390.605818,6276605.2922905935,3609571.138292855,2957269.6570433793,533737.3668041435,773958.6213534885,4935882.246085757,8.0,8.0,8.0
mcv1_lpp_s4_wnominal_dnominal_rlow_end,validation_query,localization_prediction_planning,nominal,low_end,39099738.4130826,49676110.55459084,10341033.772348575,1272312537.6676269,1862790567.095209,8656548352.533329,4887467.301635325,6209513.819323855,1292629.221543572,530130.2240281779,776162.7362896703,3606895.146888887,8.0,8.0,8.0
mcv1_lpp_s4_wnominal_dtight_rhigh_end,validation_query,localization_prediction_planning,nominal,high_end,19609625.768532403,17961038.408156343,8534346.367019776,1173391749.1076603,1889341628.736108,11368588072.186714,2451203.2210665504,2245129.801019543,1066793.295877472,488913.22879485844,787225.678640045,4736911.696744464,8.0,8.0,8.0
mcv1_lpp_s4_wnominal_dtight_rlow_end,validation_query,localization_prediction_planning,nominal,low_end,10512471.656187035,29765680.230823155,16550702.303649148,1216766582.2421556,1478382428.2467914,13635827237.81987,1314058.9570233794,3720710.0288528944,2068837.7879561435,506986.07593423146,615992.6784361631,5681594.682424946,8.0,8.0,8.0
mcv1_map_s0_whigh_dloose_rhigh_end,meta_train,mapping_background,degraded,high_end,9761580.664520735,7950415.722719851,4233224.653825839,422354203.9239935,845504406.5635576,6736163199.558621,1220197.5830650919,993801.9653399814,529153.0817282299,175980.91830166397,352293.5027348157,2806734.6664827587,8.0,8.0,8.0
mcv1_map_s0_whigh_dloose_rlow_end,meta_train,mapping_background,degraded,low_end,9225967.520261489,8867386.898736421,5094663.006115158,453489916.2810757,941387193.1204656,4143778169.9816027,1153245.940032686,1108423.3623420526,636832.8757643948,188954.13178378154,392244.663800194,1726574.2374923343,8.0,8.0,8.0
mcv1_map_s0_whigh_dnominal_rhigh_end,meta_train,mapping_background,nominal,high_end,58704997.39124911,9419522.805552749,26554025.237942472,927387912.9694297,1568512544.7804184,7540441217.290623,7338124.673906139,1177440.3506940936,3319253.154742809,386411.63040392904,653546.8936585076,3141850.507204426,8.0,8.0,8.0
mcv1_map_s0_whigh_dnominal_rlow_end,meta_train,mapping_background,degraded,low_end,10393066.831581533,4455171.546557631,2711628.4546112604,609437132.1893659,619196829.9278475,4815085389.174619,1299133.3539476916,556896.4433197039,338953.55682640756,253932.13841223577,257998.67913660314,2006285.5788227578,8.0,8.0,8.0
mcv1_map_s0_whigh_dtight_rhigh_end,meta_train,mapping_background,degraded,high_end,5284951.301970078,9262825.178407839,3193679.9491569344,548286939.0907272,563655014.4198343,3289328107.345155,660618.9127462597,1157853.1473009798,399209.9936446168,228452.891287803,234856.25600826426,1370553.378060481,8.0,8.0,8.0
mcv1_map_s0_whigh_dtight_rlow_end,meta_train,mapping_background,nominal,low_end,50022729.92084671,33642335.3017585,13867403.097938227,711623877.8332995,1253951258.4732676,10601320331.31415,6252841.2401058385,4205291.912719812,1733425.3872422783,296509.94909720815,522479.69103052816,4417216.804714229,8.0,8.0,8.0
mcv1_map_s0_wnominal_dloose_rhigh_end,meta_train,mapping_background,degraded,high_end,11189067.365367252,8055014.766894434,3465372.6805869793,403510670.73441005,678948993.4931196,3609849184.321607,1398633.4206709065,1006876.8458618042,433171.5850733724,168129.44613933752,282895.4139554665,1504103.8268006695,8.0,8.0,8.0
mcv1_map_s0_wnominal_dloose_rlow_end,meta_train,mapping_background,nominal,low_end,54559005.70449034,27635026.76737805,20698679.566954948,808828720.270887,1138665996.9524438,7616136415.453388,6819875.713061293,3454378.3459222564,2587334.9458693685,337011.9667795363,474444.1653968516,3173390.1731055784,8.0,8.0,8.0
mcv1_map_s0_wnominal_dnominal_rhigh_end,meta_train,mapping_background,degraded,high_end,10139268.528122835,5409847.101097969,5332970.88251821,488739159.0632961,593936707.2025554,3154640776.239538,1267408.5660153544,676230.8876372462,666621.3603147763,203641.31627637337,247473.62800106476,1314433.6567664742,8.0,8.0,8.0
mcv1_map_s0_wnominal_dnominal_rlow_end,meta_train,mapping_background,nominal,low_end,54778814.10267704,14062335.571366826,9669124.810298994,716707001.3840646,1736975171.3898287,9403999907.47872,6847351.76283463,1757791.9464208533,1208640.6012873743,298627.91724336025,723739.654745762,3918333.2947827997,8.0,8.0,8.0
mcv1_map_s0_wnominal_dtight_rhigh_end,meta_train,mapping_background,nominal,high_end,39438456.657305665,36902370.68379673,6978039.00767225,654056653.3230348,1514480488.9838388,13607577321.135944,4929807.082163208,4612796.335474592,872254.8759590313,272523.6055512645,631033.5370765995,5669823.883806643,8.0,8.0,8.0
mcv1_map_s0_wnominal_dtight_rlow_end,meta_train,mapping_background,nominal,low_end,13286016.381635636,53049995.43255249,14752252.52154913,1022757834.152089,1849409154.2457733,13981863564.22792,1660752.0477044545,6631249.429069061,1844031.5651936412,426149.0975633704,770587.1476024055,5825776.485094967,8.0,8.0,8.0
mcv1_map_s1_whigh_dloose_rhigh_end,meta_train,mapping_background,degraded,high_end,7484840.668724696,6346994.765046861,3035742.4300153567,726110395.5700239,917105347.314646,6667492835.228518,935605.083590587,793374.3456308576,379467.8037519196,302545.99815417663,382127.22804776917,2778122.014678549,8.0,8.0,8.0
mcv1_map_s1_whigh_dloose_rlow_end,meta_train,mapping_background,degraded,low_end,11359630.250496734,7427210.704735888,2276130.729289733,729506120.5032628,540181918.3636899,5122601213.223301,1419953.7813120917,928401.338091986,284516.3411612166,303960.88354302617,225075.79931820414,2134417.1721763755,8.0,8.0,8.0
mcv1_map_s1_whigh_dnominal_rhigh_end,meta_train,mapping_background,nominal,high_end,54655457.2004308,24603745.610681586,29999961.747549925,1266177282.9946537,1762928386.22022,12287869944.501976,6831932.15005385,3075468.2013351982,3749995.2184437406,527573.8679144391,734553.4942584251,5119945.810209157,8.0,8.0,8.0
mcv1_map_s1_whigh_dnominal_rlow_end,meta_train,mapping_background,nominal,low_end,47661377.96913165,41389273.963198796,29336222.312581588,1192274783.3209364,1318505978.895314,12767878540.316326,5957672.246141456,5173659.2453998495,3667027.7890726984,496781.15971705684,549377.4912063808,5319949.391798469,8.0,8.0,8.0
mcv1_map_s1_whigh_dtight_rhigh_end,meta_train,mapping_background,nominal,high_end,8182856.859545233,35633286.14562461,8112360.920429574,601708420.3272549,1538543946.9617999,9478935836.058243,1022857.1074431541,4454160.768203076,1014045.1150536968,250711.84180302286,641059.9779007499,3949556.598357601,8.0,8.0,8.0
mcv1_map_s1_whigh_dtight_rlow_end,meta_train,mapping_background,degraded,low_end,8970138.792080063,10316810.390256155,4186487.063777585,465566722.2469611,880981402.3692055,4913469080.834916,1121267.349010008,1289601.2987820194,523310.88297219813,193986.13426956712,367075.5843205023,2047278.783681215,8.0,8.0,8.0
mcv1_map_s1_wnominal_dloose_rhigh_end,meta_train,mapping_background,degraded,high_end,8037633.614693481,8916838.957619106,3986674.6027020877,515742862.6580746,996289259.219832,4763802005.790728,1004704.2018366851,1114604.8697023883,498334.32533776097,214892.8594408644,415120.52467492997,1984917.5024128032,8.0,8.0,8.0
mcv1_map_s1_wnominal_dloose_rlow_end,meta_train,mapping_background,degraded,low_end,11470554.948786637,8144447.512926707,3391624.659452407,717359804.9579916,552181169.0643635,5066349173.73412,1433819.3685983296,1018055.9391158384,423953.0824315509,298899.9187324965,230075.48711015144,2110978.8223892166,8.0,8.0,8.0
mcv1_map_s1_wnominal_dnominal_rhigh_end,meta_train,mapping_background,degraded,high_end,11059566.197057584,9237709.528595766,4134030.7334167142,740007350.9729564,597378845.3754771,6526141162.556046,1382445.774632198,1154713.6910744708,516753.8416770893,308336.39623873186,248907.8522397821,2719225.4843983524,8.0,8.0,8.0
mcv1_map_s1_wnominal_dnominal_rlow_end,meta_train,mapping_background,degraded,low_end,4413306.630535957,10129219.086141251,2030275.2811918473,476862626.5012057,647438085.3769119,3691277878.551981,551663.3288169947,1266152.3857676564,253784.4101489809,198692.76104216903,269765.8689070466,1538032.4493966587,8.0,8.0,8.0
mcv1_map_s1_wnominal_dtight_rhigh_end,meta_train,mapping_background,nominal,high_end,45100566.8891773,18973243.52418675,21364462.609186534,1095245927.3325014,1218472165.450097,9364294689.557167,5637570.8611471625,2371655.4405233436,2670557.8261483167,456352.46972187556,507696.7356042071,3901789.453982153,8.0,8.0,8.0
mcv1_map_s1_wnominal_dtight_rlow_end,meta_train,mapping_background,degraded,low_end,11727025.866974942,7772247.215016823,3067018.8017278947,546859468.1284676,867898631.0870099,5771523315.760405,1465878.2333718678,971530.9018771029,383377.35021598684,227858.1117201948,361624.42961958743,2404801.381566835,8.0,8.0,8.0
mcv1_map_s2_whigh_dloose_rhigh_end,meta_train,mapping_background,degraded,high_end,8030290.016704842,8631857.141187547,5928667.769720612,477804510.76627237,527110904.14845407,4356873705.624619,1003786.2520881053,1078982.1426484433,741083.4712150765,199085.21281928016,219629.5433951892,1815364.0440102578,8.0,8.0,8.0
mcv1_map_s2_whigh_dloose_rlow_end,meta_train,mapping_background,nominal,low_end,37958770.38121936,22579259.328915093,7953926.833148469,1375785097.6512618,1359179343.769924,11996038240.397856,4744846.29765242,2822407.4161143866,994240.8541435587,573243.7906880258,566324.7265708017,4998349.26683244,8.0,8.0,8.0
mcv1_map_s2_whigh_dnominal_rhigh_end,meta_train,mapping_background,nominal,high_end,58917910.50396145,46751505.45439132,15252808.8041985,669954095.1981826,1811148303.585084,7791708671.216327,7364738.812995181,5843938.181798915,1906601.1005248125,279147.5396659094,754645.126493785,3246545.2796734693,8.0,8.0,8.0
mcv1_map_s2_whigh_dnominal_rlow_end,meta_train,mapping_background,nominal,low_end,24854892.834744014,27479015.101382654,15359311.367340336,957290448.8065863,1199133412.2809694,12803953394.879894,3106861.6043430017,3434876.887672832,1919913.920917542,398871.0203360776,499638.92178373726,5334980.581199956,8.0,8.0,8.0
mcv1_map_s2_whigh_dtight_rhigh_end,meta_train,mapping_background,nominal,high_end,41956874.64662617,49186824.69464754,24131580.880316187,1220284943.4259582,1880777992.5227585,6250944672.884779,5244609.330828271,6148353.086830943,3016447.6100395233,508452.0597608159,783657.4968844827,2604560.280368658,8.0,8.0,8.0
mcv1_map_s2_whigh_dtight_rlow_end,meta_train,mapping_background,degraded,low_end,11810811.514172297,5265697.246459977,2788653.637402146,769589105.4209137,933553565.4501888,6472611480.105497,1476351.4392715371,658212.1558074971,348581.70467526827,320662.12725871406,388980.65227091196,2696921.450043957,8.0,8.0,8.0
mcv1_map_s2_wnominal_dloose_rhigh_end,meta_train,mapping_background,degraded,high_end,8411560.087686274,6043125.514932926,3493621.5923260204,640868692.2827117,510168444.40640014,5446689128.67966,1051445.0109607843,755390.6893666157,436702.69904075254,267028.62178446323,212570.1851693334,2269453.803616525,8.0,8.0,8.0
mcv1_map_s2_wnominal_dloose_rlow_end,meta_train,mapping_background,nominal,low_end,11441388.47372241,29018582.88046034,14275294.031102829,1292363349.969215,1713894425.721488,11742859598.703712,1430173.5592153012,3627322.8600575426,1784411.7538878536,538484.7291538395,714122.6773839534,4892858.166126546,8.0,8.0,8.0
mcv1_map_s2_wnominal_dnominal_rhigh_end,meta_train,mapping_background,degraded,high_end,8870186.248014867,11070768.810640441,4356057.757864956,542331845.7644242,874962277.3513669,5034182843.071481,1108773.2810018584,1383846.1013300552,544507.2197331195,225971.6024018434,364567.6155630695,2097576.184613117,8.0,8.0,8.0
mcv1_map_s2_wnominal_dnominal_rlow_end,meta_train,mapping_background,degraded,low_end,8275910.8237919025,5475466.011763998,2145333.8429543204,463387206.9028623,580147827.0123411,4684101547.984301,1034488.8529739878,684433.2514704998,268166.73036929005,193078.00287619262,241728.26125514213,1951708.978326792,8.0,8.0,8.0
mcv1_map_s2_wnominal_dtight_rhigh_end,meta_train,mapping_background,nominal,high_end,8483634.02836908,30925850.166619312,29284986.689909887,601869963.014443,1610029407.3164945,9945567383.253101,1060454.253546135,3865731.270827414,3660623.336238736,250779.15125601794,670845.5863818727,4143986.409688792,8.0,8.0,8.0
mcv1_map_s2_wnominal_dtight_rlow_end,meta_train,mapping_background,degraded,low_end,4456483.282941376,7955564.127958318,5237141.532325612,484885457.7458943,730916338.6170826,5343315854.398243,557060.410367672,994445.5159947898,654642.6915407015,202035.60739412264,304548.4744237844,2226381.605999268,8.0,8.0,8.0
mcv1_map_s3_whigh_dloose_rhigh_end,meta_train,mapping_background,nominal,high_end,32701087.040712137,33269771.206587445,21633942.254546802,1359127700.8568347,1547119340.320832,11305646427.036776,4087635.880089017,4158721.4008234306,2704242.7818183503,566303.2086903477,644633.0584670133,4710686.0112653235,8.0,8.0,8.0
mcv1_map_s3_whigh_dloose_rlow_end,meta_train,mapping_background,degraded,low_end,4186110.8640911896,5532838.634548964,5007290.103331042,447975401.0342995,648965404.7312343,5487721418.149313,523263.8580113987,691604.8293186205,625911.2629163803,186656.4170976248,270402.2519713476,2286550.590895547,8.0,8.0,8.0
mcv1_map_s3_whigh_dnominal_rhigh_end,meta_train,mapping_background,degraded,high_end,7883590.4595981,6094356.512537351,5564906.410792991,751769554.471667,597192947.5096438,5563888036.752199,985448.8074497625,761794.5640671689,695613.3013491238,313237.31436319463,248830.3947956849,2318286.6819800828,8.0,8.0,8.0
mcv1_map_s3_whigh_dnominal_rlow_end,meta_train,mapping_background,degraded,low_end,11298658.757049501,6404654.275139909,2572154.0304686977,788937090.244252,806709945.8802121,5709677068.0658655,1412332.3446311876,800581.7843924887,321519.2538085872,328723.78760177165,336129.14411675505,2379032.1116941106,8.0,8.0,8.0
mcv1_map_s3_whigh_dtight_rhigh_end,meta_train,mapping_background,degraded,high_end,7074631.710038625,6597565.7425686475,5683278.900545621,411182075.79924613,767334996.1881485,4359324803.009068,884328.9637548281,824695.7178210809,710409.8625682027,171325.86491635256,319722.9150783952,1816385.3345871114,8.0,8.0,8.0
mcv1_map_s3_whigh_dtight_rlow_end,meta_train,mapping_background,degraded,low_end,6206640.740458805,9630487.873045607,2284155.968231517,762124997.7153208,674126148.9664965,3545510022.415118,775830.0925573506,1203810.9841307008,285519.4960289396,317552.0823813837,280885.89540270687,1477295.842672966,8.0,8.0,8.0
mcv1_map_s3_wnominal_dloose_rhigh_end,meta_train,mapping_background,degraded,high_end,7881448.297308374,10364469.470624976,5816822.898665797,588299690.4979103,501240441.59608954,5231735009.333317,985181.0371635468,1295558.683828122,727102.8623332246,245124.87104079593,208850.18399837063,2179889.5872222153,8.0,8.0,8.0
mcv1_map_s3_wnominal_dloose_rlow_end,meta_train,mapping_background,degraded,low_end,6350743.99022563,10684824.906620108,3351365.2167422017,456649819.58724594,915305832.3707278,3753602224.308648,793842.9987782037,1335603.1133275134,418920.6520927752,190270.75816135248,381377.4301544699,1564000.92679527,8.0,8.0,8.0
mcv1_map_s3_wnominal_dnominal_rhigh_end,meta_train,mapping_background,degraded,high_end,10365133.79405671,7222695.978971835,3367636.03709885,416804671.51784945,911778393.7196077,3779446009.6136045,1295641.7242570887,902836.9973714794,420954.50463735627,173668.61313243725,379907.6640498366,1574769.1706723352,8.0,8.0,8.0
mcv1_map_s3_wnominal_dnominal_rlow_end,meta_train,mapping_background,nominal,low_end,9296458.021113308,16503847.08467973,17919910.716016598,957706422.880172,1316592790.1877778,12489054272.30869,1162057.2526391635,2062980.8855849663,2239988.8395020748,399044.3428667383,548580.3292449074,5203772.613461954,8.0,8.0,8.0
mcv1_map_s3_wnominal_dtight_rhigh_end,meta_train,mapping_background,degraded,high_end,7584316.479139114,11456422.012613824,5544966.636958567,485932825.74650264,782555729.3571786,5745852861.497761,948039.5598923892,1432052.751576728,693120.8296198209,202472.01072770942,326064.88723215775,2394105.3589574005,8.0,8.0,8.0
mcv1_map_s3_wnominal_dtight_rlow_end,meta_train,mapping_background,degraded,low_end,5233921.785873786,8344054.630162267,3468584.579595956,480588825.39505416,859267941.8099918,5973950620.82689,654240.2232342232,1043006.8287702834,433573.0724494945,200245.3439146059,358028.3090874966,2489146.092011204,8.0,8.0,8.0
mcv1_map_s4_whigh_dloose_rhigh_end,meta_train,mapping_background,nominal,high_end,46196964.19677122,32808502.91204035,20397546.6232925,981380771.1005223,1464614880.8414788,6954864125.065457,5774620.524596402,4101062.8640050436,2549693.3279115623,408908.6546252176,610256.2003506161,2897860.0521106073,8.0,8.0,8.0
mcv1_map_s4_whigh_dloose_rlow_end,meta_train,mapping_background,degraded,low_end,9195120.352943026,10774508.180139624,4924771.74120607,663183391.4551303,920753866.1738164,4717832398.771617,1149390.0441178782,1346813.522517453,615596.4676507588,276326.4131063043,383647.4442390902,1965763.4994881738,8.0,8.0,8.0
mcv1_map_s4_whigh_dnominal_rhigh_end,meta_train,mapping_background,degraded,high_end,7321421.596048516,7577508.006655248,2833694.9951594314,656524192.135637,814158988.9453647,5200692158.668264,915177.6995060645,947188.500831906,354211.8743949289,273551.7467231821,339232.91206056863,2166955.066111777,8.0,8.0,8.0
mcv1_map_s4_whigh_dnominal_rlow_end,meta_train,mapping_background,nominal,low_end,8845021.884272873,21315886.178270973,5501629.435361767,1079315610.1215355,1380105628.5530457,10054640158.169952,1105627.7355341092,2664485.7722838717,687703.6794202209,449714.8375506398,575044.0118971023,4189433.39923748,8.0,8.0,8.0
mcv1_map_s4_whigh_dtight_rhigh_end,meta_train,mapping_background,degraded,high_end,4041505.585304372,6369384.368071383,3836204.1101745833,792197286.1059979,645772047.1443262,3077894084.494529,505188.1981630465,796173.0460089229,479525.5137718229,330082.2025441658,269071.68631013593,1282455.868539387,8.0,8.0,8.0
mcv1_map_s4_whigh_dtight_rlow_end,meta_train,mapping_background,nominal,low_end,40023006.02705891,24564524.704689488,28033544.049132492,1122908654.3530703,1097717190.12547,13178624636.378021,5002875.753382363,3070565.588086186,3504193.0061415615,467878.6059804459,457382.16255227913,5491093.598490843,8.0,8.0,8.0
mcv1_map_s4_wnominal_dloose_rhigh_end,meta_train,mapping_background,degraded,high_end,6062014.408539591,10583972.671789989,3253729.2343014795,538457755.4948843,878049788.2831023,6959906390.691366,757751.8010674489,1322996.5839737486,406716.15428768494,224357.39812286844,365854.0784512926,2899960.9961214024,8.0,8.0,8.0
mcv1_map_s4_wnominal_dloose_rlow_end,meta_train,mapping_background,nominal,low_end,20752858.18838455,29041565.987903006,19055644.110848337,721967729.4791082,1699880758.2500446,12343042322.21523,2594107.273548069,3630195.748487876,2381955.513856042,300819.88728296175,708283.6492708519,5142934.300923013,8.0,8.0,8.0
mcv1_map_s4_wnominal_dnominal_rhigh_end,meta_train,mapping_background,nominal,high_end,30539275.886039454,16856433.495882817,21961221.481402203,716449769.733628,1832954954.2802305,9375473940.64551,3817409.485754932,2107054.186985352,2745152.6851752754,298520.73738901166,763731.230950096,3906447.4752689623,8.0,8.0,8.0
mcv1_map_s4_wnominal_dnominal_rlow_end,meta_train,mapping_background,nominal,low_end,21998926.764277644,25939428.766769316,12688075.837462481,1329213748.8074696,1666621140.081923,8749966261.811773,2749865.8455347056,3242428.5958461645,1586009.4796828101,553839.0620031123,694425.4750341346,3645819.275754906,8.0,8.0,8.0
mcv1_map_s4_wnominal_dtight_rhigh_end,meta_train,mapping_background,degraded,high_end,11383549.52745111,10462041.560053024,3825511.7594245337,603708295.3140005,530134004.7074621,5701481089.356495,1422943.6909313886,1307755.195006628,478188.9699280667,251545.1230475002,220889.16862810918,2375617.1205652063,8.0,8.0,8.0
mcv1_map_s4_wnominal_dtight_rlow_end,meta_train,mapping_background,nominal,low_end,44853767.73968893,46599618.92713243,29224750.276140645,1214924585.9968023,1938929411.0088534,6258069290.371583,5606720.967461117,5824952.365891553,3653093.7845175806,506218.57749866764,807887.2545870222,2607528.8709881594,8.0,8.0,8.0
mcv1_ppc_s0_whigh_dloose_rhigh_end,meta_train,perception_planning_control,nominal,high_end,46775063.263999,44322833.4900105,9818725.340762436,797423726.9232492,1778485680.5592077,10413461292.388285,5846882.907999875,5540354.1862513125,1227340.6675953045,332259.8862180205,741035.7002330032,4338942.205161786,8.0,8.0,8.0
mcv1_ppc_s0_whigh_dloose_rlow_end,meta_train,perception_planning_control,nominal,low_end,41358786.673484206,41403779.63490233,6777701.265353362,780725756.8962362,1792700417.195208,10835895098.206173,5169848.334185526,5175472.454362791,847212.6581691703,325302.3987067651,746958.50716467,4514956.290919239,8.0,8.0,8.0
mcv1_ppc_s0_whigh_dnominal_rhigh_end,meta_train,perception_planning_control,strong,high_end,129014505.20796266,267231978.17716515,53858844.75294477,1389438712.43089,3286738375.854081,21502908537.135704,16126813.150995333,33403997.272145644,6732355.594118096,578932.7968462042,1369474.3232725337,8959545.223806543,8.0,8.0,8.0
mcv1_ppc_s0_whigh_dnominal_rlow_end,meta_train,perception_planning_control,nominal,low_end,54115655.461635664,59525128.00390395,8589825.161700914,1180620601.812993,1781109048.1973646,13835702475.037956,6764456.932704458,7440641.0004879935,1073728.1452126142,491925.2507554138,742128.7700822352,5764876.031265815,8.0,8.0,8.0
mcv1_ppc_s0_whigh_dtight_rhigh_end,meta_train,perception_planning_control,strong,high_end,236004120.74613905,88400084.35354584,27440886.070208434,2391425761.6229544,3566232855.3961573,22096144961.04525,29500515.09326738,11050010.54419323,3430110.7587760543,996427.400676231,1485930.3564150655,9206727.067102188,8.0,8.0,8.0
mcv1_ppc_s0_whigh_dtight_rlow_end,meta_train,perception_planning_control,degraded,low_end,8522231.233008608,6325663.42704365,3606826.4441834064,659275876.1054564,901341412.338333,4189145487.26831,1065278.904126076,790707.9283804563,450853.3055229258,274698.2817106068,375558.9218076388,1745477.2863617959,8.0,8.0,8.0
mcv1_ppc_s0_wnominal_dloose_rhigh_end,meta_train,perception_planning_control,strong,high_end,242997103.86114278,268725060.4947635,103237267.4240753,1614495727.7280006,3294938666.537442,18185550740.53722,30374637.982642848,33590632.56184544,12904658.428009413,672706.5532200002,1372891.1110572675,7577312.808557175,8.0,8.0,8.0
mcv1_ppc_s0_wnominal_dloose_rlow_end,meta_train,perception_planning_control,degraded,low_end,6304285.1296835095,11873905.087401293,3372727.5046283742,447935674.888749,989542176.7510407,5227702781.762924,788035.6412104387,1484238.1359251617,421590.9380785468,186639.86453697874,412309.24031293363,2178209.4924012185,8.0,8.0,8.0
mcv1_ppc_s0_wnominal_dnominal_rhigh_end,meta_train,perception_planning_control,strong,high_end,297127848.3889595,219132629.32473627,148878416.54781413,1886756877.6816843,2692621791.2642775,23161572302.10496,37140981.04861994,27391578.665592033,18609802.068476766,786148.6990340351,1121925.7463601157,9650655.125877067,8.0,8.0,8.0
mcv1_ppc_s0_wnominal_dnominal_rlow_end,meta_train,perception_planning_control,degraded,low_end,4743056.155412176,6121952.819565868,3017379.947976516,591394560.859352,681210333.6811674,3407321308.7401876,592882.019426522,765244.1024457335,377172.4934970645,246414.40035806334,283837.6390338197,1419717.211975078,8.0,8.0,8.0
mcv1_ppc_s0_wnominal_dtight_rhigh_end,meta_train,perception_planning_control,nominal,high_end,35682069.761952,30452040.364123162,18939553.662748255,1164887543.180819,1245383297.0905805,10986427711.463142,4460258.720244,3806505.0455153952,2367444.207843532,485369.8096586746,518909.7071210752,4577678.213109642,8.0,8.0,8.0
mcv1_ppc_s0_wnominal_dtight_rlow_end,meta_train,perception_planning_control,nominal,low_end,36578344.30926095,47863683.23374621,16352889.72736216,1301401875.6924536,1446775312.7356124,13685107635.00442,4572293.038657619,5982960.404218276,2044111.21592027,542250.7815385223,602823.0469731719,5702128.181251842,8.0,8.0,8.0
mcv1_ppc_s1_whigh_dloose_rhigh_end,meta_train,perception_planning_control,strong,high_end,193353028.48680028,280236050.4934215,131661354.50006773,1916016912.9975576,3472940143.8919725,12829822604.327694,24169128.560850035,35029506.31167769,16457669.312508466,798340.380415649,1447058.3932883218,5345759.418469872,8.0,8.0,8.0
mcv1_ppc_s1_whigh_dloose_rlow_end,meta_train,perception_planning_control,degraded,low_end,9827298.149396516,9941847.94945613,2485200.592454239,674355611.0903319,729053120.7482564,5716016655.326318,1228412.2686745645,1242730.9936820162,310650.07405677985,280981.5046209716,303772.13364510686,2381673.606385966,8.0,8.0,8.0
mcv1_ppc_s1_whigh_dnominal_rhigh_end,meta_train,perception_planning_control,degraded,high_end,9783646.263233414,10600817.59688828,3119735.562050754,426126073.8236894,627842453.1104437,5256770123.892662,1222955.7829041767,1325102.199611035,389966.9452563443,177552.53075987057,261601.02212935154,2190320.884955276,8.0,8.0,8.0
mcv1_ppc_s1_whigh_dnominal_rlow_end,meta_train,perception_planning_control,strong,low_end,132740515.79868092,101094687.71622218,120178910.1057273,2217465033.8118563,2481650011.006213,23222451340.818073,16592564.474835115,12636835.964527773,15022363.763215913,923943.7640882734,1034020.8379192555,9676021.39200753,8.0,8.0,8.0
mcv1_ppc_s1_whigh_dtight_rhigh_end,meta_train,perception_planning_control,degraded,high_end,11087226.745658185,6216866.959620826,3673075.958197497,594020906.2978685,914238653.5970604,6168273679.118239,1385903.3432072732,777108.3699526032,459134.4947746871,247508.7109574452,380932.7723321085,2570114.032965933,8.0,8.0,8.0
mcv1_ppc_s1_whigh_dtight_rlow_end,meta_train,perception_planning_control,nominal,low_end,34356915.80225726,31213580.01142491,17636902.745804675,683503148.8156404,1302230181.0690463,9558549764.566118,4294614.475282158,3901697.501428114,2204612.8432255844,284792.97867318353,542595.9087787693,3982729.068569216,8.0,8.0,8.0
mcv1_ppc_s1_wnominal_dloose_rhigh_end,meta_train,perception_planning_control,nominal,high_end,24354613.405000933,20607717.420016833,27258330.626572702,1282735365.0622408,1587550680.6285248,7012645185.01476,3044326.6756251166,2575964.677502104,3407291.3283215878,534473.0687759337,661479.4502618853,2921935.49375615,8.0,8.0,8.0
mcv1_ppc_s1_wnominal_dloose_rlow_end,meta_train,perception_planning_control,degraded,low_end,4302845.295858103,8771963.566669267,4616681.790311294,552033442.7078245,821877749.2652184,3729219660.3030157,537855.6619822629,1096495.4458336583,577085.2237889117,230013.93446159354,342449.062193841,1553841.5251262565,8.0,8.0,8.0
mcv1_ppc_s1_wnominal_dnominal_rhigh_end,meta_train,perception_planning_control,degraded,high_end,5235960.337302531,4251668.842446317,2467587.726482328,709579206.9166927,714925021.1126033,5497095817.221295,654495.0421628164,531458.6053057896,308448.465810291,295658.0028819553,297885.4254635847,2290456.590508873,8.0,8.0,8.0
mcv1_ppc_s1_wnominal_dnominal_rlow_end,meta_train,perception_planning_control,degraded,low_end,8445233.359852346,5855148.7676089825,2766969.4629991874,626193936.4444484,656588928.1225562,4062910486.47604,1055654.1699815432,731893.5959511228,345871.1828748984,260914.1401851868,273578.7200510651,1692879.3693650167,8.0,8.0,8.0
mcv1_ppc_s1_wnominal_dtight_rhigh_end,meta_train,perception_planning_control,degraded,high_end,10891745.864368267,10219165.314940162,2573923.412064681,786656359.2963986,572149157.6858736,3472805855.1360593,1361468.2330460334,1277395.6643675203,321740.4265080851,327773.4830401661,238395.482369114,1447002.4396400247,8.0,8.0,8.0
mcv1_ppc_s1_wnominal_dtight_rlow_end,meta_train,perception_planning_control,degraded,low_end,9428240.11386516,10244829.165931117,2595312.665779545,607137519.7216121,556881840.2687951,3931270085.697171,1178530.014233145,1280603.6457413896,324414.0832224431,252973.9665506717,232034.10011199798,1638029.2023738213,8.0,8.0,8.0
mcv1_ppc_s2_whigh_dloose_rhigh_end,meta_train,perception_planning_control,degraded,high_end,8000916.088292167,6250955.06668954,5571593.462764572,698711878.8342876,745808447.5222149,4228948658.5516515,1000114.5110365208,781369.3833361925,696449.1828455715,291129.94951428653,310753.5198009229,1762061.941063188,8.0,8.0,8.0
mcv1_ppc_s2_whigh_dloose_rlow_end,meta_train,perception_planning_control,degraded,low_end,5414186.951210365,6816868.062304201,5131467.386848215,516465774.6536583,884490899.2769716,4745794831.700217,676773.3689012956,852108.5077880251,641433.4233560269,215194.0727723576,368537.87469873816,1977414.5132084237,8.0,8.0,8.0
mcv1_ppc_s2_whigh_dnominal_rhigh_end,meta_train,perception_planning_control,degraded,high_end,5814550.713693343,6861089.895049195,4810781.229798926,491795180.4480376,998383018.9186254,6053829826.577452,726818.8392116679,857636.2368811494,601347.6537248658,204914.65852001568,415992.92454942723,2522429.0944072716,8.0,8.0,8.0
mcv1_ppc_s2_whigh_dnominal_rlow_end,meta_train,perception_planning_control,degraded,low_end,6729939.748219164,4928075.19695294,5029998.359644776,759005266.138683,548363565.0870924,3269836556.064621,841242.4685273955,616009.3996191175,628749.794955597,316252.19422445126,228484.8187862885,1362431.8983602587,8.0,8.0,8.0
mcv1_ppc_s2_whigh_dtight_rhigh_end,meta_train,perception_planning_control,strong,high_end,76388485.48101515,102399413.34094754,82720255.34247866,1289357856.715961,3726118879.9721546,16455847302.724033,9548560.685126893,12799926.667618442,10340031.917809833,537232.4402983171,1552549.533321731,6856603.042801681,8.0,8.0,8.0
mcv1_ppc_s2_whigh_dtight_rlow_end,meta_train,perception_planning_control,degraded,low_end,5718980.582873729,9066027.507102858,3551919.3555191704,697048590.8590324,580844684.5209366,4110687439.1112576,714872.5728592161,1133253.4383878573,443989.9194398963,290436.9128579302,242018.61855039027,1712786.432963024,8.0,8.0,8.0
mcv1_ppc_s2_wnominal_dloose_rhigh_end,meta_train,perception_planning_control,nominal,high_end,33144288.555932928,20082670.255570322,15927940.147652626,720967112.6636881,1562928673.7462993,10545041464.966324,4143036.069491616,2510333.7819462903,1990992.5184565783,300402.96360987,651220.2807276247,4393767.277069301,8.0,8.0,8.0
mcv1_ppc_s2_wnominal_dloose_rlow_end,meta_train,perception_planning_control,degraded,low_end,8216995.2022772515,9955075.387238411,5767216.555795199,487868464.90544045,787936726.2171919,6963739685.137722,1027124.4002846564,1244384.4234048014,720902.0694743999,203278.5270439335,328306.9692571633,2901558.2021407173,8.0,8.0,8.0
mcv1_ppc_s2_wnominal_dnominal_rhigh_end,meta_train,perception_planning_control,strong,high_end,286518652.12504673,211390514.090405,128824616.51859136,2270943347.1643815,2766798938.490255,26463606010.938324,35814831.51563084,26423814.261300623,16103077.06482392,946226.3946518257,1152832.8910376062,11026502.504557636,8.0,8.0,8.0
mcv1_ppc_s2_wnominal_dnominal_rlow_end,meta_train,perception_planning_control,degraded,low_end,5299428.296578858,9129277.433132954,2817153.9637578265,666444122.3367774,523262147.67498857,5536054523.254351,662428.5370723573,1141159.6791416192,352144.2454697283,277685.0509736573,218025.89486457856,2306689.384689313,8.0,8.0,8.0
mcv1_ppc_s2_wnominal_dtight_rhigh_end,meta_train,perception_planning_control,degraded,high_end,5816969.7919801315,10121442.906291306,5608792.274459768,524995668.45264304,721860452.8904063,3621792107.7869487,727121.2239975164,1265180.3632864133,701099.034307471,218748.19518860127,300775.18870433595,1509080.0449112286,8.0,8.0,8.0
mcv1_ppc_s2_wnominal_dtight_rlow_end,meta_train,perception_planning_control,degraded,low_end,11151863.350461937,7309565.779299593,5483330.818332812,447788070.87610114,800865736.1172305,6815188398.091732,1393982.9188077422,913695.7224124491,685416.3522916015,186578.36286504215,333694.0567155127,2839661.8325382215,8.0,8.0,8.0
mcv1_ppc_s3_whigh_dloose_rhigh_end,meta_train,perception_planning_control,nominal,high_end,35508450.94114333,56072024.06034938,11726143.681946635,637791645.2895514,1969172644.3713875,13236639132.619884,4438556.367642916,7009003.007543673,1465767.9602433294,265746.5188706464,820488.6018214114,5515266.305258285,8.0,8.0,8.0
mcv1_ppc_s3_whigh_dloose_rlow_end,meta_train,perception_planning_control,strong,low_end,183650738.33805138,115520189.4528647,144116718.25556576,1928225033.7760081,2229244007.175948,24459272546.21547,22956342.292256422,14440023.681608088,18014589.78194572,803427.0974066701,928851.669656645,10191363.560923113,8.0,8.0,8.0
mcv1_ppc_s3_whigh_dnominal_rhigh_end,meta_train,perception_planning_control,nominal,high_end,14549695.995246915,41494771.02566256,24799492.380021773,1102236788.3949752,1662125585.7073622,13683254236.982767,1818711.9994058644,5186846.37820782,3099936.5475027217,459265.32849790633,692552.3273780675,5701355.932076153,8.0,8.0,8.0
mcv1_ppc_s3_whigh_dnominal_rlow_end,meta_train,perception_planning_control,degraded,low_end,9708975.324616903,4494608.051753719,3465854.9643801562,799698936.1975439,545993267.9143082,6624139328.527372,1213621.915577113,561826.0064692149,433231.87054751953,333207.89008230995,227497.19496429508,2760058.053553072,8.0,8.0,8.0
mcv1_ppc_s3_whigh_dtight_rhigh_end,meta_train,perception_planning_control,nominal,high_end,8800413.439290218,44083403.071904324,14784737.824731687,926685067.1451507,1022193454.372536,12170372371.995026,1100051.6799112773,5510425.3839880405,1848092.228091461,386118.7779771461,425913.93932188995,5070988.488331261,8.0,8.0,8.0
mcv1_ppc_s3_whigh_dtight_rlow_end,meta_train,perception_planning_control,strong,low_end,124206784.22046186,281321566.49462324,60564292.39230464,1236796403.7348056,2545134716.496915,16862468123.542404,15525848.027557733,35165195.811827905,7570536.54903808,515331.8348895023,1060472.7985403812,7026028.384809335,8.0,8.0,8.0
mcv1_ppc_s3_wnominal_dloose_rhigh_end,meta_train,perception_planning_control,strong,high_end,254501292.91505757,268809313.66824484,50955534.70944445,1732988570.0323062,2910526071.579439,16394652891.908802,31812661.614382196,33601164.208530605,6369441.838680556,722078.5708467943,1212719.196491433,6831105.371628667,8.0,8.0,8.0
mcv1_ppc_s3_wnominal_dloose_rlow_end,meta_train,perception_planning_control,nominal,low_end,46417603.74013828,50841159.19706949,16072842.875433682,947691849.2025515,1101289786.7604342,8306743061.401774,5802200.467517285,6355144.899633686,2009105.3594292102,394871.60383439646,458870.7444835142,3461142.9422507393,8.0,8.0,8.0
mcv1_ppc_s3_wnominal_dnominal_rhigh_end,meta_train,perception_planning_control,nominal,high_end,37989372.65035933,17545358.088144746,17489469.188854232,726262186.7529529,1400959164.6806173,12998873339.549046,4748671.581294917,2193169.761018093,2186183.648606779,302609.244480397,583732.9852835905,5416197.2248121025,8.0,8.0,8.0
mcv1_ppc_s3_wnominal_dnominal_rlow_end,meta_train,perception_planning_control,degraded,low_end,9546802.659942918,9852862.0905511,4682916.27508116,621974143.9212759,740503028.5390263,3008902119.9278812,1193350.3324928647,1231607.7613188876,585364.534385145,259155.8933005316,308542.9285579276,1253709.2166366172,8.0,8.0,8.0
mcv1_ppc_s3_wnominal_dtight_rhigh_end,meta_train,perception_planning_control,nominal,high_end,49457745.84584355,58135444.51545168,7590628.733525869,604857109.4594642,1355750090.4366112,11775762499.130709,6182218.230730444,7266930.56443146,948828.5916907337,252023.7956081101,564895.8710152546,4906567.707971129,8.0,8.0,8.0
mcv1_ppc_s3_wnominal_dtight_rlow_end,meta_train,perception_planning_control,strong,low_end,261019948.05978557,211897237.6461417,107190305.3751596,2295456562.4635305,2843174518.637053,19390080274.059166,32627493.507473197,26487154.705767713,13398788.17189495,956440.2343598044,1184656.0494321054,8079200.114191319,8.0,8.0,8.0
mcv1_ppc_s4_whigh_dloose_rhigh_end,meta_train,perception_planning_control,degraded,high_end,10319271.883835923,6184745.810371852,4467431.456160645,451937156.09457433,868750397.9604073,5644640881.475167,1289908.9854794904,773093.2262964814,558428.9320200806,188307.1483727393,361979.33248350304,2351933.700614653,8.0,8.0,8.0
mcv1_ppc_s4_whigh_dloose_rlow_end,meta_train,perception_planning_control,degraded,low_end,8110002.8835265525,10449180.02050959,3951646.0295798955,426270633.4861473,848217828.228205,6237600297.134396,1013750.3604408191,1306147.5025636987,493955.75369748694,177612.76395256136,353424.0950950854,2599000.1238059984,8.0,8.0,8.0
mcv1_ppc_s4_whigh_dnominal_rhigh_end,meta_train,perception_planning_control,degraded,high_end,7911811.461762143,8104137.578753717,2144878.0464356467,549707262.7357109,625927099.9263809,4900256833.885439,988976.4327202679,1013017.1973442147,268109.75580445584,229044.6928065462,260802.9583026587,2041773.6807855996,8.0,8.0,8.0
mcv1_ppc_s4_whigh_dnominal_rlow_end,meta_train,perception_planning_control,degraded,low_end,10247563.825609334,8512729.847701874,4340431.7552486,513525960.9797118,974509930.6858877,4529901611.457398,1280945.4782011667,1064091.2309627342,542553.969406075,213969.15040821323,406045.8044524532,1887459.004773916,8.0,8.0,8.0
mcv1_ppc_s4_whigh_dtight_rhigh_end,meta_train,perception_planning_control,degraded,high_end,8107293.889819083,7521793.1134743,5178833.873568635,557933963.0278497,652672515.8282841,6679024458.660702,1013411.7362273854,940224.1391842875,647354.2341960794,232472.48459493736,271946.8815951184,2782926.8577752924,8.0,8.0,8.0
mcv1_ppc_s4_whigh_dtight_rlow_end,meta_train,perception_planning_control,strong,low_end,105860008.16436774,106713231.68513057,140093331.51455435,1715432781.0975783,2214048408.1753306,18784092186.866585,13232501.020545967,13339153.96064132,17511666.439319294,714763.6587906576,922520.1700730544,7826705.077861077,8.0,8.0,8.0
mcv1_ppc_s4_wnominal_dloose_rhigh_end,meta_train,perception_planning_control,degraded,high_end,4923471.923847705,9756110.541097587,3217309.4419037187,603982395.7354546,606555061.3371763,4399785278.977695,615433.9904809631,1219513.8176371984,402163.68023796484,251659.3315564394,252731.2755571568,1833243.8662407065,8.0,8.0,8.0
mcv1_ppc_s4_wnominal_dloose_rlow_end,meta_train,perception_planning_control,nominal,low_end,50018494.99950925,28500963.07621591,17136695.596136473,1278387910.6027222,1115954713.3112655,7982347269.617855,6252311.874938657,3562620.384526989,2142086.949517059,532661.6294178009,464981.1305463606,3325978.0290074395,8.0,8.0,8.0
mcv1_ppc_s4_wnominal_dnominal_rhigh_end,meta_train,perception_planning_control,strong,high_end,123264440.86166765,201887374.351053,102291941.54768272,1653400075.5297918,3661655667.2257466,23107714979.66652,15408055.107708456,25235921.793881625,12786492.69346034,688916.6981374132,1525689.861344061,9628214.57486105,8.0,8.0,8.0
mcv1_ppc_s4_wnominal_dnominal_rlow_end,meta_train,perception_planning_control,strong,low_end,217459052.55902815,110655183.89949074,59226745.71322645,1996622712.1908512,2723777127.123188,21006853147.4563,27182381.56987852,13831897.987436343,7403343.214153307,831926.1300795213,1134907.1363013284,8752855.478106791,8.0,8.0,8.0
mcv1_ppc_s4_wnominal_dtight_rhigh_end,meta_train,perception_planning_control,degraded,high_end,9188419.131530667,9751540.4261774,5134737.696654907,509615053.31858027,745015064.7618005,5599949878.821395,1148552.3914413333,1218942.553272175,641842.2120818634,212339.60554940844,310422.9436507502,2333312.4495089147,8.0,8.0,8.0
mcv1_ppc_s4_wnominal_dtight_rlow_end,meta_train,perception_planning_control,nominal,low_end,16029257.828030467,56294064.135702066,27376861.197051276,1275654938.899045,1870089512.1819258,9032857036.04533,2003657.2285038084,7036758.016962758,3422107.6496314094,531522.8912079354,779203.9634091357,3763690.4316855543,8.0,8.0,8.0
