AverageReturn,MinReturn,Itr,Average latency,,AverageDiscountedReturn,NumTrajs,support_graphs_per_meta_task,Average energy,,validation_query_composite_objective,outer_update_count,split_role,outer_learning_rate,support_trajectories_per_meta_task,StdReturn,value_clip_epsilon,EnvExecTime,validation_query_mean_latency_k0,MaxReturn,Average reward, ,validation_query_composite_objective_k0,k_steps,inner_learning_rate,outer_update_method,hyperparameter_provenance.policy,entropy_coefficient,checkpoint_selection_metric,checkpoint_is_best_val,Average greedy latency,,meta_batch_size_distributions,query_graph_count,split_version,ppo_batch_size_trajectories,PolicyExecTime,validation_query_mean_latency_k3,seed
0.7794241390692187,-1.2312466236658646,0,958.2562497655787,0.7266450510972329,10000,20,886.5885103941188,0.9089323594558024,1,meta_train_support,0.0005,20,0.49944000543703204,0.2,29.77143383026123,970.9291596029749,3.1173793455697205,0.7794241390692187,0.8415101155905559,3,0.0005,mrlco_first_order_mean_pseudogradient,fixed_literature_derived_defaults,0.0,validation_query_composite_objective,1,612.1315675579343,10,80,MARGO-SPLIT-v1,20,31.855679512023926,921.1358163525692,0
0.8901135343855869,-0.9135364213492444,1,917.4590867852347,0.8176233095935888,10000,20,883.3845673834935,,2,meta_train_support,0.0005,20,0.4618320800655928,0.2,27.555802822113037,,3.5169383869057285,0.8901135343855869,,3,0.0005,mrlco_first_order_mean_pseudogradient,fixed_literature_derived_defaults,0.0,,,604.7713929344723,10,80,MARGO-SPLIT-v1,20,31.89894461631775,,0
0.851927861938169,-0.743011229175113,2,933.4504169968986,0.7831291865969797,10000,20,926.7833719023021,,3,meta_train_support,0.0005,20,0.44430642666750814,0.2,28.600995302200317,,2.741830287777543,0.851927861938169,,3,0.0005,mrlco_first_order_mean_pseudogradient,fixed_literature_derived_defaults,0.0,,,622.3009868621689,10,80,MARGO-SPLIT-v1,20,30.611364126205444,,0
0.9834821019698711,-1.117451975401798,3,931.5874922328336,0.8986809068249005,10000,20,903.4921921575336,,4,meta_train_support,0.0005,20,0.4714212357211732,0.2,28.388044118881226,,3.0320535414593057,0.9834821019698711,,3,0.0005,mrlco_first_order_mean_pseudogradient,fixed_literature_derived_defaults,0.0,,,589.0734555792673,10,80,MARGO-SPLIT-v1,20,32.05236792564392,,0
0.911391979842028,-0.9648764020289468,4,924.8561670104885,0.8320266593519656,10000,20,953.4419413908638,,5,meta_train_support,0.0005,20,0.47113977983376437,0.2,27.570603609085083,,3.7825682342284352,0.911391979842028,,3,0.0005,mrlco_first_order_mean_pseudogradient,fixed_literature_derived_defaults,0.0,,,611.1135460177558,10,80,MARGO-SPLIT-v1,20,31.283369302749634,,0
0.8763135386218514,-0.690892057583897,5,915.9983402752646,0.8018724343670363,10000,20,974.5901391705796,,6,meta_train_support,0.0005,20,0.41337524367389755,0.2,26.66670823097229,,3.129208056770106,0.8763135386218514,,3,0.0005,mrlco_first_order_mean_pseudogradient,fixed_literature_derived_defaults,0.0,,,628.5791581629481,10,80,MARGO-SPLIT-v1,20,29.93164300918579,,0
0.9534822141777122,-0.9721089529598614,6,947.7559113916492,0.8688435768021325,10000,20,985.0955213263005,,7,meta_train_support,0.0005,20,0.42630995054811127,0.2,27.877117156982422,,2.899079754202514,0.9534822141777124,,3,0.0005,mrlco_first_order_mean_pseudogradient,fixed_literature_derived_defaults,0.0,,,600.2586262120248,10,80,MARGO-SPLIT-v1,20,30.809223890304565,,0
0.8766576412469785,-1.3015105207104132,7,928.6757396486213,0.7996596328811872,10000,20,968.396866681429,,8,meta_train_support,0.0005,20,0.42493847686083275,0.2,26.87187385559082,,3.5244814516327194,0.8766576412469785,,3,0.0005,mrlco_first_order_mean_pseudogradient,fixed_literature_derived_defaults,0.0,,,606.6516427646773,10,80,MARGO-SPLIT-v1,20,31.681756496429443,,0
0.8501744861380083,-1.1977180955316125,8,929.0429673735114,0.7756777677207078,10000,20,973.2682998549446,,9,meta_train_support,0.0005,20,0.41296779155990443,0.2,27.963352918624878,,2.5563514631081503,0.8501744861380083,,3,0.0005,mrlco_first_order_mean_pseudogradient,fixed_literature_derived_defaults,0.0,,,608.7837606597355,10,80,MARGO-SPLIT-v1,20,32.18332290649414,,0
0.8965690874306498,-1.203143268031007,9,955.8738707361929,0.8170516245441942,10000,20,996.9574225115771,,10,meta_train_support,0.0005,20,0.4532958849527492,0.2,26.881620407104492,,2.9521899890888967,0.8965690874306498,,3,0.0005,mrlco_first_order_mean_pseudogradient,fixed_literature_derived_defaults,0.0,,,597.4118719431332,10,80,MARGO-SPLIT-v1,20,31.930161237716675,,0
0.8916358540641093,-1.0847237234224796,10,927.4911439967509,0.8146496167241241,10000,20,986.1827054346662,,11,meta_train_support,0.0005,20,0.422829699451933,0.2,27.62370729446411,,2.855168766915245,0.8916358540641095,,3,0.0005,mrlco_first_order_mean_pseudogradient,fixed_literature_derived_defaults,0.0,,,614.7424242979868,10,80,MARGO-SPLIT-v1,20,32.375351667404175,,0
0.8152802246548871,-1.7734377679078337,11,947.2405136861719,0.7468564925628209,10000,20,959.9897403697744,,12,meta_train_support,0.0005,20,0.43462689014950795,0.2,28.22998547554016,,2.7580946113946165,0.8152802246548871,,3,0.0005,mrlco_first_order_mean_pseudogradient,fixed_literature_derived_defaults,0.0,,,617.6842409292085,10,80,MARGO-SPLIT-v1,20,32.13409781455994,,0
0.8540394261706239,-0.9869461413681453,12,943.1970845639092,0.7805606799202894,10000,20,959.6326552463396,,13,meta_train_support,0.0005,20,0.4646774693384633,0.2,27.756226778030396,,2.981977460295733,0.8540394261706237,,3,0.0005,mrlco_first_order_mean_pseudogradient,fixed_literature_derived_defaults,0.0,,,605.3476717712402,10,80,MARGO-SPLIT-v1,20,31.939193725585938,,0
0.908431079093672,-1.7402889209796166,13,977.7436423175266,0.8292324370821247,10000,20,975.0512370853653,,14,meta_train_support,0.0005,20,0.4935283196711304,0.2,27.573296785354614,,2.9611986473414635,0.908431079093672,,3,0.0005,mrlco_first_order_mean_pseudogradient,fixed_literature_derived_defaults,0.0,,,591.8716869904927,10,80,MARGO-SPLIT-v1,20,27.561267852783203,,0
0.8929303502561182,-0.9771127012988705,14,907.949657656513,0.8179542356438395,10000,20,934.9927577114323,,15,meta_train_support,0.0005,20,0.4779546397643957,0.2,27.33651638031006,,3.2631454431404205,0.8929303502561182,,3,0.0005,mrlco_first_order_mean_pseudogradient,fixed_literature_derived_defaults,0.0,,,612.0098009870937,10,80,MARGO-SPLIT-v1,20,26.459102153778076,,0
0.883544443100999,-1.4976802790905737,15,908.0982037234143,0.8095993787418015,10000,20,929.1245495977115,,16,meta_train_support,0.0005,20,0.4550954075450435,0.2,27.211517095565796,,3.4596484471182816,0.883544443100999,,3,0.0005,mrlco_first_order_mean_pseudogradient,fixed_literature_derived_defaults,0.0,,,620.7300079220227,10,80,MARGO-SPLIT-v1,20,18.854389905929565,,0
0.930967101121305,-0.5617290017268821,16,910.5629312526213,0.853750252849175,10000,20,913.0900589001931,,17,meta_train_support,0.0005,20,0.4675296592664128,0.2,28.502380847930908,,4.037238148543276,0.930967101121305,,3,0.0005,mrlco_first_order_mean_pseudogradient,fixed_literature_derived_defaults,0.0,,,621.0308353906495,10,80,MARGO-SPLIT-v1,20,31.20673179626465,,0
0.8857936283825724,-1.03603617644368,17,921.1555826580727,0.8093947198848657,10000,20,915.8933865944978,,18,meta_train_support,0.0005,20,0.4528461657704265,0.2,28.61457896232605,,3.0702195710351767,0.8857936283825724,,3,0.0005,mrlco_first_order_mean_pseudogradient,fixed_literature_derived_defaults,0.0,,,620.1501542108263,10,80,MARGO-SPLIT-v1,20,32.35940599441528,,0
0.8824225493174115,-1.1469057147218282,18,881.2178351728836,0.8094209572615347,10000,20,874.415180375467,,19,meta_train_support,0.0005,20,0.44203479035791765,0.2,27.84176540374756,,3.2358116407705095,0.8824225493174115,,3,0.0005,mrlco_first_order_mean_pseudogradient,fixed_literature_derived_defaults,0.0,,,616.1563160095488,10,80,MARGO-SPLIT-v1,20,31.671996355056763,,0
0.9648327072920402,-0.9545801191723727,19,907.3618582744162,0.8806771019401028,10000,20,876.4532790515825,,20,meta_train_support,0.0005,20,0.4462626495416471,0.2,28.967217445373535,,3.346298570895906,0.9648327072920402,,3,0.0005,mrlco_first_order_mean_pseudogradient,fixed_literature_derived_defaults,0.0,,,603.0639042518206,10,80,MARGO-SPLIT-v1,20,32.34607410430908,,0
0.9093903597286197,-0.9223755398921576,20,876.7883631118721,0.8325561164777602,10000,20,904.7799190634347,,21,meta_train_support,0.0005,20,0.4355871225880001,0.2,27.63138461112976,,3.0210351116288203,0.9093903597286197,,3,0.0005,mrlco_first_order_mean_pseudogradient,fixed_literature_derived_defaults,0.0,,,632.3575162841524,10,80,MARGO-SPLIT-v1,20,30.52888059616089,,0
0.9557050544978182,-1.1117837946065632,21,896.8672705918489,0.8703232007137566,10000,20,887.6059512277548,,22,meta_train_support,0.0005,20,0.4721321160545249,0.2,28.46280789375305,,3.0723683532011927,0.9557050544978182,,3,0.0005,mrlco_first_order_mean_pseudogradient,fixed_literature_derived_defaults,0.0,,,620.4115590208735,10,80,MARGO-SPLIT-v1,20,31.96083378791809,,0
1.0311010992753,-1.1167187794965945,22,887.0364850513009,0.9381452456442959,10000,20,899.3999335788243,,23,meta_train_support,0.0005,20,0.45168654866788827,0.2,27.73190689086914,,3.344242337005731,1.0311010992753,,3,0.0005,mrlco_first_order_mean_pseudogradient,fixed_literature_derived_defaults,0.0,,,607.6697230015074,10,80,MARGO-SPLIT-v1,20,31.284371376037598,,0
1.0243079180952157,-0.8950332609673165,23,911.991218864118,0.9317332447487584,10000,20,918.3570730234368,,24,meta_train_support,0.0005,20,0.4676375418383431,0.2,27.65744972229004,,3.26499273411388,1.0243079180952157,,3,0.0005,mrlco_first_order_mean_pseudogradient,fixed_literature_derived_defaults,0.0,,,608.4434113462856,10,80,MARGO-SPLIT-v1,20,31.226507425308228,,0
0.9935268415273986,-0.4346778737435897,24,913.7654736419078,0.9022781239237236,10000,20,883.7851775152741,,25,meta_train_support,0.0005,20,0.47258051738159734,0.2,28.83343243598938,,4.5820650029082834,0.9935268415273986,,3,0.0005,mrlco_first_order_mean_pseudogradient,fixed_literature_derived_defaults,0.0,,,594.5187457834245,10,80,MARGO-SPLIT-v1,20,31.764572381973267,,0
0.9878110004710158,-0.9007148233401022,25,858.241969153535,0.9000799647816055,10000,20,868.1644645735698,,26,meta_train_support,0.0005,20,0.46733292177855157,0.2,28.7547664642334,,3.2940271478165832,0.9878110004710158,,3,0.0005,mrlco_first_order_mean_pseudogradient,fixed_literature_derived_defaults,0.0,,,618.6790547822408,10,80,MARGO-SPLIT-v1,20,31.316437005996704,,0
0.9179565451535269,-0.4863619799890364,26,876.5275056647641,0.8378911612228589,10000,20,859.0005368263654,,27,meta_train_support,0.0005,20,0.4413033547893513,0.2,26.93594217300415,,3.7263385155722553,0.9179565451535269,,3,0.0005,mrlco_first_order_mean_pseudogradient,fixed_literature_derived_defaults,0.0,,,623.9190012644768,10,80,MARGO-SPLIT-v1,20,31.48521637916565,,0
0.9748319211312771,-0.7192650269883469,27,857.0013842360618,0.8864445647043127,10000,20,853.2299479405885,,28,meta_train_support,0.0005,20,0.4426320165244814,0.2,27.955007791519165,,3.0566406085538236,0.9748319211312771,,3,0.0005,mrlco_first_order_mean_pseudogradient,fixed_literature_derived_defaults,0.0,,,614.0902518368313,10,80,MARGO-SPLIT-v1,20,31.764850616455078,,0
1.0471881486907955,-0.6917777403588423,28,876.4058547656249,0.9515981641966166,10000,20,845.6523203206384,,29,meta_train_support,0.0005,20,0.491626628659621,0.2,28.029635429382324,,3.6944298994138607,1.0471881486907955,,3,0.0005,mrlco_first_order_mean_pseudogradient,fixed_literature_derived_defaults,0.0,,,604.5140644757543,10,80,MARGO-SPLIT-v1,20,31.014861345291138,,0
1.012045864121806,-0.9085876017382278,29,890.6407002756908,0.9202196504137824,10000,20,872.5394963599563,,30,meta_train_support,0.0005,20,0.4976230584028835,0.2,28.098430156707764,,3.4531415873453244,1.012045864121806,,3,0.0005,mrlco_first_order_mean_pseudogradient,fixed_literature_derived_defaults,0.0,,,621.3424199403219,10,80,MARGO-SPLIT-v1,20,31.908977270126343,,0
1.0525228392271455,-0.7732044330009537,30,859.21733621968,0.9579401737562228,10000,20,814.474191252406,,31,meta_train_support,0.0005,20,0.49517065231773166,0.2,29.199296951293945,,3.476875495148806,1.0525228392271455,,3,0.0005,mrlco_first_order_mean_pseudogradient,fixed_literature_derived_defaults,0.0,,,609.8205556528501,10,80,MARGO-SPLIT-v1,20,31.81838321685791,,0
1.027475854183045,-0.7442956221345776,31,864.5364104000132,0.9356691982354958,10000,20,814.5366320930548,,32,meta_train_support,0.0005,20,0.48112363144488013,0.2,28.192563772201538,,3.2198870002235114,1.027475854183045,,3,0.0005,mrlco_first_order_mean_pseudogradient,fixed_literature_derived_defaults,0.0,,,605.6084512404306,10,80,MARGO-SPLIT-v1,20,31.911291122436523,,0
1.0539071560375568,-0.700476366430491,32,820.3685130759294,0.9600241486589017,10000,20,777.9421793413371,,33,meta_train_support,0.0005,20,0.45624424369935196,0.2,27.06715989112854,,2.9702797617427272,1.0539071560375568,,3,0.0005,mrlco_first_order_mean_pseudogradient,fixed_literature_derived_defaults,0.0,,,604.3442649371419,10,80,MARGO-SPLIT-v1,20,31.84996461868286,,0
0.9548782821591196,-1.1901616093482175,33,870.350709600995,0.8702415751632976,10000,20,793.7323701094383,,34,meta_train_support,0.0005,20,0.46071960592368,0.2,27.77822995185852,,3.039169476988013,0.9548782821591196,,3,0.0005,mrlco_first_order_mean_pseudogradient,fixed_literature_derived_defaults,0.0,,,624.5639111979892,10,80,MARGO-SPLIT-v1,20,31.673800230026245,,0
1.0412501011453017,-0.7104287371404733,34,850.355597195252,0.9491610858480828,10000,20,788.1885619065333,,35,meta_train_support,0.0005,20,0.46848481884713455,0.2,27.117143392562866,,2.889644119651336,1.0412501011453017,,3,0.0005,mrlco_first_order_mean_pseudogradient,fixed_literature_derived_defaults,0.0,,,608.4793592955182,10,80,MARGO-SPLIT-v1,20,31.78261709213257,,0
1.0328225554133554,-0.8151550942824716,35,820.9920470218755,0.9439038864330268,10000,20,777.1540412024208,,36,meta_train_support,0.0005,20,0.4985411473433325,0.2,28.24448323249817,,3.0565134060462547,1.0328225554133554,,3,0.0005,mrlco_first_order_mean_pseudogradient,fixed_literature_derived_defaults,0.0,,,623.5346898036548,10,80,MARGO-SPLIT-v1,20,32.07390069961548,,0
0.9657991802845083,-0.7352694194625485,36,836.7139913814832,0.8858709042771711,10000,20,778.1512742352121,,37,meta_train_support,0.0005,20,0.5133946093409473,0.2,28.09768795967102,,4.404039536826793,0.9657991802845085,,3,0.0005,mrlco_first_order_mean_pseudogradient,fixed_literature_derived_defaults,0.0,,,635.7064445519175,10,80,MARGO-SPLIT-v1,20,32.18198251724243,,0
0.9258115385966008,-0.522498774558308,37,839.1542027694226,0.8495542035001218,10000,20,787.1443518889971,,38,meta_train_support,0.0005,20,0.40171269426496564,0.2,27.691274166107178,,2.5605394122671505,0.9258115385966008,,3,0.0005,mrlco_first_order_mean_pseudogradient,fixed_literature_derived_defaults,0.0,,,641.1382230792591,10,80,MARGO-SPLIT-v1,20,31.556021690368652,,0
0.9977879953706225,-0.5197710736343377,38,852.8597574158558,0.9121085198201038,10000,20,806.6238113972729,,39,meta_train_support,0.0005,20,0.497019447757131,0.2,27.520713567733765,,3.2578079817939694,0.9977879953706225,,3,0.0005,mrlco_first_order_mean_pseudogradient,fixed_literature_derived_defaults,0.0,,,632.8343223309108,10,80,MARGO-SPLIT-v1,20,32.27250146865845,,0
1.1108319941834104,-0.8072374254541537,39,830.4333836564732,1.0070363750415428,10000,20,792.0000012286486,,40,meta_train_support,0.0005,20,0.5558869970786852,0.2,25.964239597320557,,4.546792196855685,1.1108319941834104,,3,0.0005,mrlco_first_order_mean_pseudogradient,fixed_literature_derived_defaults,0.0,,,607.5223228669303,10,80,MARGO-SPLIT-v1,20,31.26464581489563,,0
1.0386478610099885,-0.64166715821143,40,823.996361926948,0.9454176640987324,10000,20,794.5542926145259,,41,meta_train_support,0.0005,20,0.47292340975385927,0.2,26.413330554962158,,3.199169076367997,1.0386478610099885,,3,0.0005,mrlco_first_order_mean_pseudogradient,fixed_literature_derived_defaults,0.0,,,621.8488690360342,10,80,MARGO-SPLIT-v1,20,31.220566749572754,,0
1.1399854428625764,-0.586448282504166,41,820.5444819056185,1.0354124811022738,10000,20,772.9209872853406,,42,meta_train_support,0.0005,20,0.5120749877629552,0.2,25.452027559280396,,3.602992303040343,1.1399854428625764,,3,0.0005,mrlco_first_order_mean_pseudogradient,fixed_literature_derived_defaults,0.0,,,599.5105169750077,10,80,MARGO-SPLIT-v1,20,31.562586545944214,,0
1.1185568149343725,-0.38827410180341293,42,822.0642535466698,1.0159339499416422,10000,20,764.2809649112393,,43,meta_train_support,0.0005,20,0.5281091275203291,0.2,27.09932541847229,,3.730087942813887,1.1185568149343725,,3,0.0005,mrlco_first_order_mean_pseudogradient,fixed_literature_derived_defaults,0.0,,,607.4604752467973,10,80,MARGO-SPLIT-v1,20,31.17103123664856,,0
1.0223366189316967,-0.6712378048301414,43,805.6465253730624,0.9325263590261793,10000,20,758.8438531848158,,44,meta_train_support,0.0005,20,0.49119922897792756,0.2,28.38647198677063,,3.4693871729566057,1.0223366189316967,,3,0.0005,mrlco_first_order_mean_pseudogradient,fixed_literature_derived_defaults,0.0,,,631.5703788707461,10,80,MARGO-SPLIT-v1,20,32.227245569229126,,0
1.067426498577465,-1.0320809075020625,44,800.9338491752856,0.9728247323303294,10000,20,777.9036233382038,,45,meta_train_support,0.0005,20,0.42418786086788296,0.2,26.21111488342285,,2.9446186330103825,1.067426498577465,,3,0.0005,mrlco_first_order_mean_pseudogradient,fixed_literature_derived_defaults,0.0,,,625.4448512248857,10,80,MARGO-SPLIT-v1,20,31.237183570861816,,0
1.2794909495916589,-0.6378395090535749,45,793.5056589348793,1.1607644670043902,10000,20,721.7501584758567,,46,meta_train_support,0.0005,20,0.54229249871351,0.2,26.262319564819336,,4.140514787618772,1.2794909495916589,,3,0.0005,mrlco_first_order_mean_pseudogradient,fixed_literature_derived_defaults,0.0,,,585.5013223988942,10,80,MARGO-SPLIT-v1,20,32.34756374359131,,0
1.041983898453469,-0.3374742850370976,46,807.4822042902538,0.9507910755043562,10000,20,752.270398167698,,47,meta_train_support,0.0005,20,0.4777749191516652,0.2,27.605196714401245,,3.173651945309979,1.0419838984534688,,3,0.0005,mrlco_first_order_mean_pseudogradient,fixed_literature_derived_defaults,0.0,,,625.3830036047527,10,80,MARGO-SPLIT-v1,20,31.802976846694946,,0
1.0929333378682549,-0.5563028391283416,47,801.4677174108464,0.9948055556597303,10000,20,730.1207108289248,,48,meta_train_support,0.0005,20,0.519027300106864,0.2,27.78164291381836,,4.561259275825191,1.0929333378682549,,3,0.0005,mrlco_first_order_mean_pseudogradient,fixed_literature_derived_defaults,0.0,,,604.9461471784999,10,80,MARGO-SPLIT-v1,20,32.50591278076172,,0
1.2655367330608174,-0.5687006324906636,48,781.8364790216814,1.1484392657814742,10000,20,722.7258851384942,,49,meta_train_support,0.0005,20,0.5459543894722515,0.2,26.95454978942871,,4.395698825811767,1.2655367330608172,,3,0.0005,mrlco_first_order_mean_pseudogradient,fixed_literature_derived_defaults,0.0,,,596.5997515661784,10,80,MARGO-SPLIT-v1,20,32.485790491104126,,0
1.2388476249515996,-0.5720109927678989,49,795.6773293559837,1.1237225787402603,10000,20,714.1405006140794,,50,meta_train_support,0.0005,20,0.5342940479054287,0.2,27.61697483062744,,3.5014815904060392,1.2388476249515996,,3,0.0005,mrlco_first_order_mean_pseudogradient,fixed_literature_derived_defaults,0.0,,,593.9274471113205,10,80,MARGO-SPLIT-v1,20,32.373969078063965,,0
