query_graph_count,outer_update_method,AverageReturn,seed,validation_query_mean_latency_k3,Average energy,,hyperparameter_provenance.policy,support_trajectories_per_meta_task,inner_learning_rate,support_graphs_per_meta_task,Average reward, ,validation_query_composite_objective,EnvExecTime,Average greedy latency,,NumTrajs,Average latency,,validation_query_composite_objective_k0,AverageDiscountedReturn,validation_query_mean_latency_k0,ppo_batch_size_trajectories,MaxReturn,split_role,k_steps,MinReturn,value_clip_epsilon,outer_update_count,checkpoint_selection_metric,meta_batch_size_distributions,checkpoint_is_best_val,outer_learning_rate,split_version,entropy_coefficient,Itr,StdReturn,PolicyExecTime
80,mrlco_first_order_mean_pseudogradient,1.3400872797232375,0,715.5610528675568,533.2355262851422,fixed_literature_derived_defaults,20,0.0005,20,1.3400872797232375,1.3366262107421811,28.931346654891968,612.1315675579343,10000,668.0107247671904,1.4288979524352399,1.2323581316368044,675.568307364338,20,4.179980968905136,meta_train_support,3,-0.2923888256150281,0.2,1,validation_query_composite_objective,10,1,0.0005,MARGO-SPLIT-v1,0.0,0,0.700127386298095,32.21029448509216
80,mrlco_first_order_mean_pseudogradient,1.3613524513091644,0,,607.9720895990127,fixed_literature_derived_defaults,20,0.0005,20,1.3613524513091644,,27.655234336853027,604.7713929344723,10000,698.7288722261986,,1.2478016871858986,,20,4.558445028359722,meta_train_support,3,-0.12282821070454286,0.2,2,,10,,0.0005,MARGO-SPLIT-v1,0.0,1,0.7061215016705394,32.66015291213989
80,mrlco_first_order_mean_pseudogradient,1.1514082693023973,0,,767.8644490388732,fixed_literature_derived_defaults,20,0.0005,20,1.1514082693023973,,29.269959688186646,622.3009868621689,10000,792.1572601618221,,1.0568750853199047,,20,4.152591487106832,meta_train_support,3,-0.43516576661367584,0.2,3,,10,,0.0005,MARGO-SPLIT-v1,0.0,2,0.6181880294625925,32.27580523490906
80,mrlco_first_order_mean_pseudogradient,1.2759080599227055,0,,734.5649186350097,fixed_literature_derived_defaults,20,0.0005,20,1.2759080599227055,,28.010053396224976,589.0734555792673,10000,798.1599028510501,,1.1666287560500597,,20,3.5939547155902507,meta_train_support,3,-0.08096769040699708,0.2,4,,10,,0.0005,MARGO-SPLIT-v1,0.0,3,0.5662944321839919,32.489264249801636
80,mrlco_first_order_mean_pseudogradient,1.1345579773523766,0,,839.3584278934719,fixed_literature_derived_defaults,20,0.0005,20,1.1345579773523766,,27.13424587249756,611.1135460177558,10000,820.6611383128167,,1.0375027783883797,,20,4.24149651815024,meta_train_support,3,-0.4201349022576559,0.2,5,,10,,0.0005,MARGO-SPLIT-v1,0.0,4,0.6153525456687887,32.82465744018555
80,mrlco_first_order_mean_pseudogradient,0.9857029368459833,0,,954.8970075608336,fixed_literature_derived_defaults,20,0.0005,20,0.9857029368459831,,26.82705307006836,628.5791581629481,10000,863.7587238102354,,0.9017673141323131,,20,3.757857018572836,meta_train_support,3,-0.4204247199628419,0.2,6,,10,,0.0005,MARGO-SPLIT-v1,0.0,5,0.4950183688201836,32.96726131439209
80,mrlco_first_order_mean_pseudogradient,1.0763960455970984,0,,956.2042983250715,fixed_literature_derived_defaults,20,0.0005,20,1.0763960455970984,,26.971771240234375,600.2586262120248,10000,903.0681423709557,,0.9783965768872531,,20,3.0823854615878505,meta_train_support,3,-0.44729338293532117,0.2,7,,10,,0.0005,MARGO-SPLIT-v1,0.0,6,0.503856759600723,32.48428964614868
80,mrlco_first_order_mean_pseudogradient,0.9530362622425677,0,,965.887896112494,fixed_literature_derived_defaults,20,0.0005,20,0.9530362622425677,,26.693632125854492,606.6516427646773,10000,897.3407027631652,,0.8671315944358484,,20,4.225685483138609,meta_train_support,3,-0.8173060272835353,0.2,8,,10,,0.0005,MARGO-SPLIT-v1,0.0,7,0.4469880105249756,32.826528787612915
80,mrlco_first_order_mean_pseudogradient,0.9435172574323486,0,,969.7325646056436,fixed_literature_derived_defaults,20,0.0005,20,0.9435172574323486,,27.411376953125,608.7837606597355,10000,897.8960574790083,,0.8582794979073549,,20,2.7025059000041067,meta_train_support,3,-0.32622196757995575,0.2,9,,10,,0.0005,MARGO-SPLIT-v1,0.0,8,0.4622316000738323,32.90326809883118
80,mrlco_first_order_mean_pseudogradient,0.9680440162767056,0,,1010.3126211762924,fixed_literature_derived_defaults,20,0.0005,20,0.9680440162767056,,25.79897952079773,597.4118719431332,10000,931.475808808557,,0.8774507771047796,,20,3.148063996880034,meta_train_support,3,-0.40150616352883256,0.2,10,,10,,0.0005,MARGO-SPLIT-v1,0.0,9,0.4567896880158662,33.19131088256836
80,mrlco_first_order_mean_pseudogradient,0.9785542888361313,0,,967.1424261424688,fixed_literature_derived_defaults,20,0.0005,20,0.9785542888361313,,27.208622694015503,614.7424242979868,10000,893.0430320441915,,0.8898995905317412,,20,3.2105716373162583,meta_train_support,3,-0.38770562059199354,0.2,11,,10,,0.0005,MARGO-SPLIT-v1,0.0,10,0.4685340140194053,32.701558351516724
80,mrlco_first_order_mean_pseudogradient,0.8817491527953202,0,,983.9429057824988,fixed_literature_derived_defaults,20,0.0005,20,0.8817491527953203,,27.941181421279907,617.6842409292085,10000,917.54201345097,,0.802687713065445,,20,2.7724517878480666,meta_train_support,3,-0.5265402551987056,0.2,12,,10,,0.0005,MARGO-SPLIT-v1,0.0,11,0.4324380139841437,32.725056648254395
80,mrlco_first_order_mean_pseudogradient,0.9574734269674129,0,,935.0142903560502,fixed_literature_derived_defaults,20,0.0005,20,0.9574734269674129,,27.04208493232727,605.3476717712402,10000,903.5449767264843,,0.8685239023096423,,20,3.0487305486183547,meta_train_support,3,-0.7068696836554582,0.2,13,,10,,0.0005,MARGO-SPLIT-v1,0.0,12,0.4913613064855705,32.18182635307312
80,mrlco_first_order_mean_pseudogradient,1.0696302394171362,0,,920.0616875586655,fixed_literature_derived_defaults,20,0.0005,20,1.0696302394171362,,27.082871675491333,591.8716869904927,10000,909.4843057297761,,0.9683318056434181,,20,3.315152889044538,meta_train_support,3,-0.634235297176019,0.2,14,,10,,0.0005,MARGO-SPLIT-v1,0.0,13,0.5109178731550386,30.636533975601196
80,mrlco_first_order_mean_pseudogradient,0.9961768842635225,0,,909.4333031476979,fixed_literature_derived_defaults,20,0.0005,20,0.9961768842635225,,27.504714965820312,612.0098009870937,10000,867.0485264703601,,0.9064816615232023,,20,3.442940031088793,meta_train_support,3,-0.8863708607868812,0.2,15,,10,,0.0005,MARGO-SPLIT-v1,0.0,14,0.5042827492283732,32.54280924797058
80,mrlco_first_order_mean_pseudogradient,0.9793483947383911,0,,902.3101516273601,fixed_literature_derived_defaults,20,0.0005,20,0.9793483947383911,,27.82253861427307,620.7300079220227,10000,864.8723441038501,,0.8914674135599172,,20,3.597698038827215,meta_train_support,3,-0.7616113656178911,0.2,16,,10,,0.0005,MARGO-SPLIT-v1,0.0,15,0.47721088849516935,32.488107681274414
80,mrlco_first_order_mean_pseudogradient,1.079738559200741,0,,855.5442739947982,fixed_literature_derived_defaults,20,0.0005,20,1.079738559200741,,28.178349256515503,621.0308353906495,10000,840.9073236043031,,0.9817544783808316,,20,4.106876643518959,meta_train_support,3,-0.5536083547308264,0.2,17,,10,,0.0005,MARGO-SPLIT-v1,0.0,16,0.5302170839477139,32.78502011299133
80,mrlco_first_order_mean_pseudogradient,0.9900146737152223,0,,879.6755909212453,fixed_literature_derived_defaults,20,0.0005,20,0.9900146737152223,,28.849345922470093,620.1501542108263,10000,869.3487191131443,,0.8997943615205511,,20,3.4199499779054428,meta_train_support,3,-0.5201584804985373,0.2,18,,10,,0.0005,MARGO-SPLIT-v1,0.0,17,0.49782543168539745,32.711567878723145
80,mrlco_first_order_mean_pseudogradient,0.9980585251422899,0,,830.1507130901763,fixed_literature_derived_defaults,20,0.0005,20,0.9980585251422899,,27.33226466178894,616.1563160095488,10000,823.1357172111947,,0.909264068643628,,20,3.063276980253201,meta_train_support,3,-0.6486718001668969,0.2,19,,10,,0.0005,MARGO-SPLIT-v1,0.0,18,0.4534015466723047,32.59550714492798
80,mrlco_first_order_mean_pseudogradient,1.1187163302710577,0,,812.9161640296634,fixed_literature_derived_defaults,20,0.0005,20,1.1187163302710577,,27.971811056137085,603.0639042518206,10000,838.6730354189245,,1.015388148847822,,20,3.579401833985462,meta_train_support,3,-0.5039765839875628,0.2,20,,10,,0.0005,MARGO-SPLIT-v1,0.0,19,0.5098922740248921,32.59461545944214
80,mrlco_first_order_mean_pseudogradient,1.0231410174411955,0,,821.0055001562068,fixed_literature_derived_defaults,20,0.0005,20,1.0231410174411955,,27.582629919052124,632.3575162841524,10000,810.8854427378682,,0.9337716329515983,,20,3.4313626148347494,meta_train_support,3,-0.45438612774210807,0.2,21,,10,,0.0005,MARGO-SPLIT-v1,0.0,20,0.47752220541290924,32.446123361587524
80,mrlco_first_order_mean_pseudogradient,1.111973039377663,0,,796.7218177300141,fixed_literature_derived_defaults,20,0.0005,20,1.111973039377663,,28.530207633972168,620.4115590208735,10000,820.0665654445415,,1.0095775584234865,,20,4.043027734575603,meta_train_support,3,-0.7027896828352622,0.2,22,,10,,0.0005,MARGO-SPLIT-v1,0.0,21,0.5709013773389314,32.84725499153137
80,mrlco_first_order_mean_pseudogradient,1.216347441092342,0,,776.5473652355124,fixed_literature_derived_defaults,20,0.0005,20,1.2163474410923418,,28.35332679748535,607.6697230015074,10000,798.5779707956247,,1.102635527803621,,20,3.6832206450050253,meta_train_support,3,-0.33955880967515983,0.2,23,,10,,0.0005,MARGO-SPLIT-v1,0.0,22,0.5636406762866812,32.54208207130432
80,mrlco_first_order_mean_pseudogradient,1.250472712133675,0,,769.5998054140642,fixed_literature_derived_defaults,20,0.0005,20,1.250472712133675,,27.525928497314453,608.4434113462856,10000,805.8902492178318,,1.132180959910011,,20,3.629531250300999,meta_train_support,3,-0.3201924415193484,0.2,24,,10,,0.0005,MARGO-SPLIT-v1,0.0,23,0.5969811422476184,30.496752738952637
80,mrlco_first_order_mean_pseudogradient,1.252586260184565,0,,731.4153319160406,fixed_literature_derived_defaults,20,0.0005,20,1.2525862601845652,,29.32774019241333,594.5187457834245,10000,793.2753269761372,,1.1322420351759075,,20,4.279839161063397,meta_train_support,3,-0.4165636819300014,0.2,25,,10,,0.0005,MARGO-SPLIT-v1,0.0,24,0.6057797618860374,32.54188132286072
80,mrlco_first_order_mean_pseudogradient,1.1627186662545894,0,,730.6123049294049,fixed_literature_derived_defaults,20,0.0005,20,1.1627186662545894,,28.438581943511963,618.6790547822408,10000,772.1857870664937,,1.0565033562198056,,20,3.75226260937527,meta_train_support,3,-0.295318729421117,0.2,26,,10,,0.0005,MARGO-SPLIT-v1,0.0,25,0.5967106006425313,32.456735610961914
80,mrlco_first_order_mean_pseudogradient,1.138397543011856,0,,713.6129517491503,fixed_literature_derived_defaults,20,0.0005,20,1.138397543011856,,26.896652221679688,623.9190012644768,10000,774.2173946863542,,1.0322672238900756,,20,4.405567264162897,meta_train_support,3,-0.3829796458227809,0.2,27,,10,,0.0005,MARGO-SPLIT-v1,0.0,26,0.6119228836436945,32.46184182167053
80,mrlco_first_order_mean_pseudogradient,1.1953604626442025,0,,682.955994409768,fixed_literature_derived_defaults,20,0.0005,20,1.1953604626442025,,27.602250576019287,614.0902518368313,10000,747.0960603084224,,1.0844008420793443,,20,3.51292998684193,meta_train_support,3,-0.4018629394035187,0.2,28,,10,,0.0005,MARGO-SPLIT-v1,0.0,27,0.586016293137025,32.7180438041687
80,mrlco_first_order_mean_pseudogradient,1.308522320172955,0,,662.4509550376628,fixed_literature_derived_defaults,20,0.0005,20,1.3085223201729552,,28.43568468093872,604.5140644757543,10000,755.4286238542979,,1.1812039563261147,,20,4.106371344075846,meta_train_support,3,-0.28052257179654405,0.2,29,,10,,0.0005,MARGO-SPLIT-v1,0.0,28,0.6254652013800674,32.754138231277466
80,mrlco_first_order_mean_pseudogradient,1.2264466571627541,0,,667.7350284897356,fixed_literature_derived_defaults,20,0.0005,20,1.2264466571627541,,28.492610692977905,621.3424199403219,10000,778.4597381539439,,1.1135584497735216,,20,3.868654468338336,meta_train_support,3,-0.679120132747713,0.2,30,,10,,0.0005,MARGO-SPLIT-v1,0.0,29,0.6050687953408527,33.1762752532959
80,mrlco_first_order_mean_pseudogradient,1.2392963764400393,0,,652.9787630719306,fixed_literature_derived_defaults,20,0.0005,20,1.239296376440039,,27.575927019119263,609.8205556528501,10000,767.3331214141615,,1.1231848805231657,,20,3.6565605312752907,meta_train_support,3,-0.5159567731151786,0.2,31,,10,,0.0005,MARGO-SPLIT-v1,0.0,30,0.5911993728157251,32.11705565452576
80,mrlco_first_order_mean_pseudogradient,1.2586076131847859,0,,632.0246444318567,fixed_literature_derived_defaults,20,0.0005,20,1.258607613184786,,28.86311960220337,605.6084512404306,10000,751.4571164783696,,1.1395101118112108,,20,3.7977091391425684,meta_train_support,3,-0.6784202001504018,0.2,32,,10,,0.0005,MARGO-SPLIT-v1,0.0,31,0.598720974503157,32.68899202346802
80,mrlco_first_order_mean_pseudogradient,1.2730455218287946,0,,614.8271004815972,fixed_literature_derived_defaults,20,0.0005,20,1.2730455218287946,,26.757723808288574,604.3442649371419,10000,715.3661915957083,,1.1529246226929957,,20,3.187543876182979,meta_train_support,3,-0.048359234118873676,0.2,33,,10,,0.0005,MARGO-SPLIT-v1,0.0,32,0.5765740258038101,33.44879460334778
80,mrlco_first_order_mean_pseudogradient,1.1601184225068075,0,,639.7487122275079,fixed_literature_derived_defaults,20,0.0005,20,1.1601184225068075,,27.52027130126953,624.5639111979892,10000,763.8695851937226,,1.0522298932733032,,20,3.4027062087873303,meta_train_support,3,-0.347200186065002,0.2,34,,10,,0.0005,MARGO-SPLIT-v1,0.0,33,0.5882081484305502,33.004563093185425
80,mrlco_first_order_mean_pseudogradient,1.275957743531338,0,,618.4972874780751,fixed_literature_derived_defaults,20,0.0005,20,1.275957743531338,,26.666059970855713,608.4793592955182,10000,734.6711207322488,,1.1576475165438893,,20,3.086794750659287,meta_train_support,3,-0.3884067126803528,0.2,35,,10,,0.0005,MARGO-SPLIT-v1,0.0,34,0.5780418002663289,32.53713774681091
80,mrlco_first_order_mean_pseudogradient,1.1591865583849656,0,,658.2112604443613,fixed_literature_derived_defaults,20,0.0005,20,1.1591865583849656,,26.889505624771118,623.5346898036548,10000,753.5551016893701,,1.051765644620743,,20,3.4483704732929326,meta_train_support,3,-0.3609784311693147,0.2,36,,10,,0.0005,MARGO-SPLIT-v1,0.0,35,0.5608254747905802,32.183117628097534
80,mrlco_first_order_mean_pseudogradient,1.1122366713941996,0,,679.4282957436345,fixed_literature_derived_defaults,20,0.0005,20,1.1122366713941996,,27.440832138061523,635.7064445519175,10000,760.0303734909903,,1.0112637279091545,,20,4.388821382779724,meta_train_support,3,-0.7696930951045879,0.2,37,,10,,0.0005,MARGO-SPLIT-v1,0.0,36,0.6303306221586557,32.340734243392944
80,mrlco_first_order_mean_pseudogradient,1.03837818020873,0,,671.2705733791951,fixed_literature_derived_defaults,20,0.0005,20,1.03837818020873,,27.325334310531616,641.1382230792591,10000,770.0119853515992,,0.9484254389473433,,20,2.6558604533760386,meta_train_support,3,-0.5582130613691939,0.2,38,,10,,0.0005,MARGO-SPLIT-v1,0.0,37,0.4531292809271805,31.254024028778076
80,mrlco_first_order_mean_pseudogradient,1.1032864384996786,0,,695.8126743593117,fixed_literature_derived_defaults,20,0.0005,20,1.1032864384996786,,27.28889298439026,632.8343223309108,10000,791.4053045122118,,1.002623273675518,,20,3.1464118923606197,meta_train_support,3,-0.2748881274337952,0.2,39,,10,,0.0005,MARGO-SPLIT-v1,0.0,38,0.5565644258041771,32.50145959854126
80,mrlco_first_order_mean_pseudogradient,1.3358331444934015,0,,632.5111002804434,fixed_literature_derived_defaults,20,0.0005,20,1.3358331444934015,,26.33750343322754,607.5223228669303,10000,730.670745950241,,1.2053299239448336,,20,4.94638624214788,meta_train_support,3,-0.40512861352373475,0.2,40,,10,,0.0005,MARGO-SPLIT-v1,0.0,39,0.6909067785563163,31.472557544708252
80,mrlco_first_order_mean_pseudogradient,1.1982637785709571,0,,663.8358543379671,fixed_literature_derived_defaults,20,0.0005,20,1.1982637785709571,,26.666347980499268,621.8488690360342,10000,742.3884948210648,,1.0883458623686766,,20,4.070519157035227,meta_train_support,3,-0.29431739398340506,0.2,41,,10,,0.0005,MARGO-SPLIT-v1,0.0,40,0.590420259240467,32.05229735374451
80,mrlco_first_order_mean_pseudogradient,1.3704251512493162,0,,625.6319774412585,fixed_literature_derived_defaults,20,0.0005,20,1.3704251512493162,,25.28264021873474,599.5105169750077,10000,717.5682966406523,,1.2417219224884288,,20,3.917743114789424,meta_train_support,3,-0.17486163992891443,0.2,42,,10,,0.0005,MARGO-SPLIT-v1,0.0,41,0.6833667901257596,32.12735342979431
80,mrlco_first_order_mean_pseudogradient,1.291401004437176,0,,652.4385463224519,fixed_literature_derived_defaults,20,0.0005,20,1.291401004437176,,26.90871787071228,607.4604752467973,10000,742.3225238429656,,1.1696853111189114,,20,4.333820446030155,meta_train_support,3,-0.2884178835558071,0.2,43,,10,,0.0005,MARGO-SPLIT-v1,0.0,42,0.6568488772636348,32.380027532577515
80,mrlco_first_order_mean_pseudogradient,1.133078488621577,0,,679.4154267266739,fixed_literature_derived_defaults,20,0.0005,20,1.133078488621577,,27.58757734298706,631.5703788707461,10000,747.8406978582559,,1.0282700264614508,,20,3.2039550434177047,meta_train_support,3,-0.3276904590087104,0.2,44,,10,,0.0005,MARGO-SPLIT-v1,0.0,43,0.572366436921941,32.72807025909424
80,mrlco_first_order_mean_pseudogradient,1.2179340334065871,0,,660.2420867384286,fixed_literature_derived_defaults,20,0.0005,20,1.2179340334065871,,26.492329359054565,625.4448512248857,10000,728.8444236345181,,1.1044416203479739,,20,3.3248896354174726,meta_train_support,3,-0.034659503062988206,0.2,45,,10,,0.0005,MARGO-SPLIT-v1,0.0,44,0.55174074703511,32.558152198791504
80,mrlco_first_order_mean_pseudogradient,1.4327004758336959,0,,641.193916539224,fixed_literature_derived_defaults,20,0.0005,20,1.4327004758336959,,25.69501304626465,585.5013223988942,10000,726.1231112993228,,1.2933230204124608,,20,4.287020612304276,meta_train_support,3,-0.2866005304873642,0.2,46,,10,,0.0005,MARGO-SPLIT-v1,0.0,45,0.6147108657503302,31.341630458831787
80,mrlco_first_order_mean_pseudogradient,1.1601335413627836,0,,689.0118902192123,fixed_literature_derived_defaults,20,0.0005,20,1.1601335413627836,,28.613311767578125,625.3830036047527,10000,748.611095441336,,1.0538885387721983,,20,3.271946589007435,meta_train_support,3,-0.8942616933403473,0.2,47,,10,,0.0005,MARGO-SPLIT-v1,0.0,46,0.5739156233916107,32.67843437194824
80,mrlco_first_order_mean_pseudogradient,1.2234965724669558,0,,663.6804298978436,fixed_literature_derived_defaults,20,0.0005,20,1.2234965724669558,,27.392481327056885,604.9461471784999,10000,739.5190761019188,,1.1072190661390573,,20,4.510419761817996,meta_train_support,3,-0.08937167637852908,0.2,48,,10,,0.0005,MARGO-SPLIT-v1,0.0,47,0.5996845340075299,32.61313319206238
80,mrlco_first_order_mean_pseudogradient,1.4285870439674284,0,,630.8089587858044,fixed_literature_derived_defaults,20,0.0005,20,1.4285870439674282,,26.40553045272827,596.5997515661784,10000,710.1606519664438,,1.2920255997371368,,20,4.116164436816987,meta_train_support,3,-0.44377697301781477,0.2,49,,10,,0.0005,MARGO-SPLIT-v1,0.0,48,0.637126576041987,31.732165575027466
80,mrlco_first_order_mean_pseudogradient,1.403823886942026,0,,631.3048568211041,fixed_literature_derived_defaults,20,0.0005,20,1.403823886942026,,27.673639059066772,593.9274471113205,10000,719.984150155953,,1.2693625774456705,,20,4.051853288324184,meta_train_support,3,-0.27344784772286784,0.2,50,,10,,0.0005,MARGO-SPLIT-v1,0.0,49,0.6074602733964531,32.574296951293945
